# SQL Manager 2010 for MySQL 4.5.0.9
# ---------------------------------------
# Host     : localhost
# Port     : 3306
# Database : storeman_web


/*!40101 SET @OLD_CHARACTER_SET_CLIENT=@@CHARACTER_SET_CLIENT */;
/*!40101 SET @OLD_CHARACTER_SET_RESULTS=@@CHARACTER_SET_RESULTS */;
/*!40101 SET @OLD_COLLATION_CONNECTION=@@COLLATION_CONNECTION */;
/*!40101 SET NAMES latin1 */;

SET FOREIGN_KEY_CHECKS=0;

CREATE DATABASE `storeman_web`
    CHARACTER SET 'latin1'
    COLLATE 'latin1_swedish_ci';

USE `storeman_web`;

#
# Structure for the `categoria` table : 
#

CREATE TABLE `categoria` (
  `categoria_id` int(11) NOT NULL AUTO_INCREMENT,
  `categoria_nombre` varchar(50) DEFAULT NULL,
  `categoria_descripcion` varchar(250) DEFAULT NULL,
  `estado_id` int(11) DEFAULT '1',
  PRIMARY KEY (`categoria_id`),
  UNIQUE KEY `categoria_id` (`categoria_id`)
) ENGINE=InnoDB AUTO_INCREMENT=27 DEFAULT CHARSET=latin1;

#
# Structure for the `articulo` table : 
#

CREATE TABLE `articulo` (
  `articulo_id` int(11) NOT NULL AUTO_INCREMENT,
  `categoria_id` int(11) DEFAULT NULL,
  `articulo_nombre` varchar(50) DEFAULT NULL,
  `articulo_marca` varchar(50) DEFAULT NULL,
  `articulo_industria` varchar(50) DEFAULT NULL,
  `articulo_codigo` varchar(20) DEFAULT NULL,
  `articulo_saldo` float(9,3) DEFAULT NULL,
  `estado_id` int(11) DEFAULT '1',
  `umanejo_id` int(11) DEFAULT NULL,
  PRIMARY KEY (`articulo_id`),
  UNIQUE KEY `articulo_id` (`articulo_id`),
  KEY `fk_categoria_articulo` (`categoria_id`),
  CONSTRAINT `fk_categoria_articulo` FOREIGN KEY (`categoria_id`) REFERENCES `categoria` (`categoria_id`)
) ENGINE=InnoDB AUTO_INCREMENT=2216 DEFAULT CHARSET=latin1;

#
# Structure for the `institucion` table : 
#

CREATE TABLE `institucion` (
  `institucion_id` int(11) NOT NULL AUTO_INCREMENT,
  `institucion_nombre` varchar(150) DEFAULT NULL,
  `institucion_sucursal` varchar(250) DEFAULT NULL,
  `institucion_direccion` varchar(250) DEFAULT NULL,
  `institucion_ubicacion` varchar(250) DEFAULT NULL,
  `institucion_telef` varchar(30) DEFAULT NULL,
  `institucion_nit` varchar(30) DEFAULT NULL,
  `institucion_autorizacion` varchar(30) DEFAULT NULL,
  `institucion_eslogan` varchar(250) DEFAULT NULL,
  `institucion_logo` varchar(250) DEFAULT NULL,
  PRIMARY KEY (`institucion_id`),
  UNIQUE KEY `institucion_id` (`institucion_id`)
) ENGINE=InnoDB AUTO_INCREMENT=2 DEFAULT CHARSET=latin1;

#
# Structure for the `gestion` table : 
#

CREATE TABLE `gestion` (
  `gestion_id` int(11) NOT NULL AUTO_INCREMENT,
  `institucion_id` int(11) DEFAULT NULL,
  `gestion_nombre` varchar(20) DEFAULT NULL,
  `gestion_descripcion` varchar(150) DEFAULT NULL,
  `gestion_inicio` date DEFAULT NULL,
  `gestion_fin` date DEFAULT NULL,
  `estado_id` int(11) DEFAULT '1',
  PRIMARY KEY (`gestion_id`),
  UNIQUE KEY `gestion_id` (`gestion_id`),
  KEY `fk_gestion_institucion` (`institucion_id`),
  CONSTRAINT `fk_gestion_institucion` FOREIGN KEY (`institucion_id`) REFERENCES `institucion` (`institucion_id`)
) ENGINE=InnoDB AUTO_INCREMENT=2 DEFAULT CHARSET=latin1;

#
# Structure for the `cambio` table : 
#

CREATE TABLE `cambio` (
  `cambio_id` int(11) NOT NULL AUTO_INCREMENT,
  `gestion_id` int(11) DEFAULT NULL,
  `cambio_fecha` date DEFAULT NULL,
  `cambio_ufv` varchar(20) DEFAULT NULL,
  PRIMARY KEY (`cambio_id`),
  UNIQUE KEY `cambio_id` (`cambio_id`),
  KEY `fk_cambio_gestion` (`gestion_id`),
  CONSTRAINT `fk_cambio_gestion` FOREIGN KEY (`gestion_id`) REFERENCES `gestion` (`gestion_id`)
) ENGINE=InnoDB DEFAULT CHARSET=latin1;

#
# Structure for the `estado` table : 
#

CREATE TABLE `estado` (
  `estado_id` int(11) NOT NULL AUTO_INCREMENT,
  `estado_descripcion` varchar(50) DEFAULT NULL,
  `estado_tipo` int(11) DEFAULT NULL,
  `estado_color` varchar(30) DEFAULT NULL,
  PRIMARY KEY (`estado_id`),
  UNIQUE KEY `estado_id` (`estado_id`)
) ENGINE=InnoDB AUTO_INCREMENT=9 DEFAULT CHARSET=latin1;

#
# Structure for the `tipo_usuario` table : 
#

CREATE TABLE `tipo_usuario` (
  `tipousuario_id` int(11) NOT NULL AUTO_INCREMENT,
  `tipousuario_descripcion` varchar(150) DEFAULT NULL,
  PRIMARY KEY (`tipousuario_id`),
  UNIQUE KEY `tipousuario_id` (`tipousuario_id`)
) ENGINE=InnoDB AUTO_INCREMENT=4 DEFAULT CHARSET=latin1;

#
# Structure for the `usuario` table : 
#

CREATE TABLE `usuario` (
  `usuario_id` int(11) NOT NULL AUTO_INCREMENT,
  `tipousuario_id` int(11) DEFAULT NULL,
  `estado_id` int(11) DEFAULT NULL,
  `usuario_nombre` varchar(80) DEFAULT NULL,
  `usuario_email` varchar(150) DEFAULT NULL,
  `usuario_login` varchar(50) DEFAULT NULL,
  `usuario_clave` varchar(50) DEFAULT NULL,
  `usuario_imagen` varchar(250) DEFAULT NULL,
  PRIMARY KEY (`usuario_id`),
  UNIQUE KEY `usuario_id` (`usuario_id`),
  KEY `fk_estado_usuario` (`estado_id`),
  KEY `fk_usuario_tipo` (`tipousuario_id`),
  CONSTRAINT `fk_estado_usuario` FOREIGN KEY (`estado_id`) REFERENCES `estado` (`estado_id`),
  CONSTRAINT `fk_usuario_tipo` FOREIGN KEY (`tipousuario_id`) REFERENCES `tipo_usuario` (`tipousuario_id`)
) ENGINE=InnoDB DEFAULT CHARSET=latin1;

#
# Structure for the `factura` table : 
#

CREATE TABLE `factura` (
  `factura_id` int(11) NOT NULL AUTO_INCREMENT,
  `usuario_id` int(11) DEFAULT NULL,
  `factura_numero` float DEFAULT NULL,
  `factura_fecha` date DEFAULT NULL,
  `factura_nit` bigint(20) DEFAULT NULL,
  `factura_razon` varchar(150) DEFAULT NULL,
  `factura_importe` varchar(50) DEFAULT NULL,
  `factura_autorizacion` varchar(50) DEFAULT NULL,
  `factura_poliza` varchar(50) DEFAULT NULL,
  `factura_ice` float DEFAULT NULL,
  `factura_exento` float DEFAULT NULL,
  `factura_neto` float DEFAULT NULL,
  `factura_creditofiscal` float DEFAULT NULL,
  `factura_codigocontrol` varchar(20) DEFAULT NULL,
  `estado_id` int(11) DEFAULT '1',
  PRIMARY KEY (`factura_id`),
  UNIQUE KEY `factura_id` (`factura_id`),
  KEY `fk_factura_usuario` (`usuario_id`),
  CONSTRAINT `fk_factura_usuario` FOREIGN KEY (`usuario_id`) REFERENCES `usuario` (`usuario_id`)
) ENGINE=InnoDB DEFAULT CHARSET=latin1;

#
# Structure for the `pedido` table : 
#

CREATE TABLE `pedido` (
  `pedido_id` int(11) NOT NULL AUTO_INCREMENT,
  `estado_id` int(11) DEFAULT NULL,
  `gestion_id` int(11) DEFAULT NULL,
  `pedido_fecha` date DEFAULT NULL,
  `pedido_hora` time DEFAULT NULL,
  `pedido_archivo` varchar(150) DEFAULT NULL,
  `pedido_imagen` varchar(150) DEFAULT NULL,
  `pedido_numero` varchar(20) DEFAULT NULL,
  `pedido_fechapedido` date DEFAULT NULL,
  `programa_id` int(11) DEFAULT NULL,
  `unidad_id` int(11) DEFAULT NULL,
  PRIMARY KEY (`pedido_id`),
  UNIQUE KEY `pedido_id` (`pedido_id`),
  KEY `fk_estado_pedido` (`estado_id`),
  KEY `fk_pedido_gestion` (`gestion_id`),
  CONSTRAINT `fk_estado_pedido` FOREIGN KEY (`estado_id`) REFERENCES `estado` (`estado_id`),
  CONSTRAINT `fk_pedido_gestion` FOREIGN KEY (`gestion_id`) REFERENCES `gestion` (`gestion_id`)
) ENGINE=InnoDB AUTO_INCREMENT=6 DEFAULT CHARSET=latin1;

#
# Structure for the `unidad` table : 
#

CREATE TABLE `unidad` (
  `unidad_id` int(11) NOT NULL AUTO_INCREMENT,
  `unidad_nombre` varchar(150) DEFAULT NULL,
  `unidad_codigo` varchar(20) DEFAULT NULL,
  `unidad_descripcion` varchar(250) DEFAULT NULL,
  `estado_id` int(11) DEFAULT '1',
  PRIMARY KEY (`unidad_id`),
  UNIQUE KEY `unidad_id` (`unidad_id`)
) ENGINE=InnoDB AUTO_INCREMENT=11 DEFAULT CHARSET=latin1;

#
# Structure for the `ingreso` table : 
#

CREATE TABLE `ingreso` (
  `ingreso_id` int(11) NOT NULL AUTO_INCREMENT,
  `unidad_id` int(11) DEFAULT NULL,
  `pedido_id` int(11) DEFAULT NULL,
  `usuario_id` int(11) DEFAULT NULL,
  `ingreso_numdoc` int(11) DEFAULT NULL,
  `ingreso_fecha` date DEFAULT NULL,
  `ingreso_hora` time DEFAULT NULL,
  `estado_id` int(11) DEFAULT '1',
  PRIMARY KEY (`ingreso_id`),
  UNIQUE KEY `ingreso_id` (`ingreso_id`),
  KEY `fk_ingreso_pedido` (`pedido_id`),
  KEY `fk_ingreso_usuario` (`usuario_id`),
  KEY `fk_unidad_ingreso` (`unidad_id`),
  CONSTRAINT `fk_ingreso_pedido` FOREIGN KEY (`pedido_id`) REFERENCES `pedido` (`pedido_id`),
  CONSTRAINT `fk_ingreso_usuario` FOREIGN KEY (`usuario_id`) REFERENCES `usuario` (`usuario_id`),
  CONSTRAINT `fk_unidad_ingreso` FOREIGN KEY (`unidad_id`) REFERENCES `unidad` (`unidad_id`)
) ENGINE=InnoDB DEFAULT CHARSET=latin1;

#
# Structure for the `programa` table : 
#

CREATE TABLE `programa` (
  `programa_id` int(11) NOT NULL AUTO_INCREMENT,
  `unidad_id` int(11) DEFAULT NULL,
  `estado_id` int(11) DEFAULT NULL,
  `programa_nombre` varchar(50) DEFAULT NULL,
  `programa_codigo` varchar(20) DEFAULT NULL,
  `programa_descripcion` varchar(250) DEFAULT NULL,
  PRIMARY KEY (`programa_id`),
  UNIQUE KEY `programa_id` (`programa_id`),
  KEY `fk_estado_programa` (`estado_id`),
  KEY `fk_unidad_programa` (`unidad_id`),
  CONSTRAINT `fk_estado_programa` FOREIGN KEY (`estado_id`) REFERENCES `estado` (`estado_id`),
  CONSTRAINT `fk_unidad_programa` FOREIGN KEY (`unidad_id`) REFERENCES `unidad` (`unidad_id`)
) ENGINE=InnoDB AUTO_INCREMENT=203 DEFAULT CHARSET=latin1;

#
# Structure for the `proveedor` table : 
#

CREATE TABLE `proveedor` (
  `proveedor_id` int(11) NOT NULL AUTO_INCREMENT,
  `estado_id` int(11) DEFAULT '1',
  `proveedor_codigo` varchar(20) DEFAULT NULL,
  `proveedor_nombre` varchar(50) DEFAULT NULL,
  `proveedor_foto` varchar(250) DEFAULT NULL,
  `proveedor_contacto` varchar(100) DEFAULT NULL,
  `proveedor_direccion` varchar(80) DEFAULT NULL,
  `proveedor_telefono` varchar(50) DEFAULT NULL,
  `proveedor_telefono2` varchar(20) DEFAULT NULL,
  `proveedor_celular` varchar(50) DEFAULT NULL,
  `proveedor_email` varchar(50) DEFAULT NULL,
  `proveedor_nit` varchar(30) DEFAULT NULL,
  `proveedor_razon` varchar(150) DEFAULT NULL,
  `proveedor_autorizacion` varchar(30) DEFAULT NULL,
  PRIMARY KEY (`proveedor_id`),
  UNIQUE KEY `proveedor_id` (`proveedor_id`)
) ENGINE=InnoDB DEFAULT CHARSET=latin1;

#
# Structure for the `detalle_ingreso` table : 
#

CREATE TABLE `detalle_ingreso` (
  `detalleing_id` int(11) NOT NULL AUTO_INCREMENT,
  `proveedor_id` int(11) DEFAULT NULL,
  `factura_id` int(11) DEFAULT NULL,
  `articulo_id` int(11) DEFAULT NULL,
  `ingreso_id` int(11) DEFAULT NULL,
  `programa_id` int(11) DEFAULT NULL,
  `detalleing_cantidad` float DEFAULT NULL,
  `detalleing_precio` float DEFAULT NULL,
  `detalleing_total` float DEFAULT NULL,
  PRIMARY KEY (`detalleing_id`),
  UNIQUE KEY `detalleing_id` (`detalleing_id`),
  KEY `fk_detalleing_articulo` (`ingreso_id`),
  KEY `fk_detalleing_factura` (`factura_id`),
  KEY `fk_detalleing_programa` (`programa_id`),
  KEY `fk_detalleing_proveedor` (`proveedor_id`),
  KEY `fk_detalle_articulo` (`articulo_id`),
  CONSTRAINT `fk_detalleing_articulo` FOREIGN KEY (`ingreso_id`) REFERENCES `ingreso` (`ingreso_id`),
  CONSTRAINT `fk_detalleing_factura` FOREIGN KEY (`factura_id`) REFERENCES `factura` (`factura_id`),
  CONSTRAINT `fk_detalleing_programa` FOREIGN KEY (`programa_id`) REFERENCES `programa` (`programa_id`),
  CONSTRAINT `fk_detalleing_proveedor` FOREIGN KEY (`proveedor_id`) REFERENCES `proveedor` (`proveedor_id`),
  CONSTRAINT `fk_detalle_articulo` FOREIGN KEY (`articulo_id`) REFERENCES `articulo` (`articulo_id`)
) ENGINE=InnoDB DEFAULT CHARSET=latin1;

#
# Structure for the `detalle_pedido` table : 
#

CREATE TABLE `detalle_pedido` (
  `detalleped_id` int(11) NOT NULL AUTO_INCREMENT,
  `pedido_id` int(11) DEFAULT NULL,
  `programa_id` int(11) DEFAULT NULL,
  `unidad_id` int(11) DEFAULT NULL,
  PRIMARY KEY (`detalleped_id`),
  UNIQUE KEY `detalleped_id` (`detalleped_id`),
  KEY `fk_detalle_pedido` (`pedido_id`),
  KEY `fk_detalle_programa` (`programa_id`),
  KEY `fk_detalle_unidad` (`unidad_id`),
  CONSTRAINT `fk_detalle_pedido` FOREIGN KEY (`pedido_id`) REFERENCES `pedido` (`pedido_id`),
  CONSTRAINT `fk_detalle_programa` FOREIGN KEY (`programa_id`) REFERENCES `programa` (`programa_id`),
  CONSTRAINT `fk_detalle_unidad` FOREIGN KEY (`unidad_id`) REFERENCES `unidad` (`unidad_id`)
) ENGINE=InnoDB DEFAULT CHARSET=latin1;

#
# Structure for the `salida` table : 
#

CREATE TABLE `salida` (
  `salida_id` int(11) NOT NULL AUTO_INCREMENT,
  `unidad_id` int(11) DEFAULT NULL,
  `gestion_id` int(11) DEFAULT NULL,
  `usuario_id` int(11) DEFAULT NULL,
  `salida_motivo` varchar(120) DEFAULT NULL,
  `salida_fecha` date DEFAULT NULL,
  `salida_acta` varchar(150) DEFAULT NULL,
  `salida_obs` varchar(250) DEFAULT NULL,
  `salida_fechahora` datetime DEFAULT NULL,
  `salida_doc` varchar(250) DEFAULT NULL,
  `estado_id` int(11) DEFAULT '1',
  PRIMARY KEY (`salida_id`),
  UNIQUE KEY `salida_id` (`salida_id`),
  KEY `fk_salida_gestion` (`gestion_id`),
  KEY `fk_unidad_salida` (`unidad_id`),
  KEY `fk_usuario_salida` (`usuario_id`),
  CONSTRAINT `fk_salida_gestion` FOREIGN KEY (`gestion_id`) REFERENCES `gestion` (`gestion_id`),
  CONSTRAINT `fk_unidad_salida` FOREIGN KEY (`unidad_id`) REFERENCES `unidad` (`unidad_id`),
  CONSTRAINT `fk_usuario_salida` FOREIGN KEY (`usuario_id`) REFERENCES `usuario` (`usuario_id`)
) ENGINE=InnoDB DEFAULT CHARSET=latin1;

#
# Structure for the `detalle_salida` table : 
#

CREATE TABLE `detalle_salida` (
  `detallesal_id` int(11) NOT NULL AUTO_INCREMENT,
  `salida_id` int(11) DEFAULT NULL,
  `articulo_id` int(11) DEFAULT NULL,
  `programa_id` int(11) DEFAULT NULL,
  `detallesal_cantidad` float DEFAULT NULL,
  `detallesal_precio` varchar(30) DEFAULT NULL,
  `detallesal_total` varchar(250) DEFAULT NULL,
  PRIMARY KEY (`detallesal_id`),
  UNIQUE KEY `detallesal_id` (`detallesal_id`),
  KEY `fk_detallesal_articulo` (`articulo_id`),
  KEY `fk_detallesal_programa` (`programa_id`),
  KEY `fk_detalle_salida` (`salida_id`),
  CONSTRAINT `fk_detallesal_articulo` FOREIGN KEY (`articulo_id`) REFERENCES `articulo` (`articulo_id`),
  CONSTRAINT `fk_detallesal_programa` FOREIGN KEY (`programa_id`) REFERENCES `programa` (`programa_id`),
  CONSTRAINT `fk_detalle_salida` FOREIGN KEY (`salida_id`) REFERENCES `salida` (`salida_id`)
) ENGINE=InnoDB DEFAULT CHARSET=latin1;

#
# Structure for the `unidad_manejo` table : 
#

CREATE TABLE `unidad_manejo` (
  `umanejo_id` int(11) NOT NULL AUTO_INCREMENT,
  `umanejo_descripcion` varchar(80) DEFAULT NULL,
  `estado_id` int(11) DEFAULT NULL,
  PRIMARY KEY (`umanejo_id`),
  KEY `estado_id` (`estado_id`),
  CONSTRAINT `unidad_manejo_fk` FOREIGN KEY (`estado_id`) REFERENCES `estado` (`estado_id`)
) ENGINE=InnoDB DEFAULT CHARSET=latin1;

#
# Data for the `categoria` table  (LIMIT 0,500)
#

INSERT INTO `categoria` (`categoria_id`, `categoria_nombre`, `categoria_descripcion`, `estado_id`) VALUES 
  (1,' BIENES ELECTRICOS Y COMPUTACION','-',1),
  (2,'CAÑERIAS Y ACCESORIOS','-',1),
  (3,'CLAVOS EN GENERAL','-',1),
  (4,'COMBUSTIBLES Y LUBRICANTES','-',1),
  (5,'CHAPAS ALDABAS Y OTROS','-',1),
  (6,'FIERROS DE CONSTRUCCION','-',1),
  (7,'FORMULARIOS Y ARTES GRAFICAS','-',1),
  (8,'HERRAMIENTAS  E IMPLEMENTOS DE TRABAJO','-',1),
  (9,'INSTRUMENTOS DE HOSPITAL','-',1),
  (10,'MATERIAL DE CONSTRUCCION','-',1),
  (11,'MATERIAL DE ESCRITORIO','-',1),
  (12,'MATERIAL DE SEGURIDAD','-',1),
  (13,'MATERIAL DE SOLDADURA','-',1),
  (14,'MATERIAL DE VIDRIOS','-',1),
  (15,'MATERIAL ELECTRICO','-',1),
  (16,'MATERIAL EXPLOSIVO','-',1),
  (17,'MUEBLES DE MADERA Y METALICOS','-',1),
  (18,'PERNOS,VOLANDAS Y TUERCAS','-',1),
  (19,'PINTURAS OLEO Y LATEX','-',1),
  (20,'REPUESTOS Y ACCESORIOS P'' VEHICULOS','-',1),
  (21,'VARIOS MATERIALES','-',1),
  (22,'PRODUCTOS MEDICOS','-',1),
  (23,'MATERIAL EDUCATIVO','-',1),
  (24,'BIENES ACTIVOS','-',1),
  (25,'ACCESORIOS DE COMPUTADORAS E IMPRESORAS','-',1),
  (26,'MATERIAL DEPORTIVO','-',1);
COMMIT;

#
# Data for the `articulo` table  (LIMIT 0,500)
#

INSERT INTO `articulo` (`articulo_id`, `categoria_id`, `articulo_nombre`, `articulo_marca`, `articulo_industria`, `articulo_codigo`, `articulo_saldo`, `estado_id`, `umanejo_id`) VALUES 
  (1,14,'1/2 TURRILES METALICOS','-','PIEZA','14/1',0.000,1,NULL),
  (2,20,'3 M','-','BLOCK','20/2',0.000,1,NULL),
  (3,21,'ABONO ORGANICO Y QUIMICO','-','-','21/3',0.000,1,NULL),
  (4,2,'ABRASADERAS FG VARIAS MEDIDAS','-','-','2/4',0.000,1,NULL),
  (5,20,'ABRAZADERA DE EMBRIAGUE','-','PIEZA','20/5',0.000,1,NULL),
  (6,2,'ABRAZADERA DE F.G.','-','PIEZA','2/6',0.000,1,NULL),
  (7,20,'ABRAZADERA DE FRENO','-','PIEZA','20/7',0.000,1,NULL),
  (8,2,'ABRAZADERAS DE PVC DE 4\"','-','PIEZA','2/8',0.000,1,NULL),
  (9,20,'ABRAZADERAS PARA MANGUERA','-','PIEZA','20/9',0.000,1,NULL),
  (10,15,'ABRAZADERAS PARA POSTE','-','PIEZA','15/10',0.000,1,NULL),
  (11,21,'ACCESORIOS DE EQUIPOS','-','PIEZA','21/11',0.000,1,NULL),
  (12,20,'ACCESORIOS DE FRENO','-','-','20/12',0.000,1,NULL),
  (13,15,'ACCESORIOS DE LAVAMANOS','-','JUEGO','15/13',0.000,1,NULL),
  (14,2,'ACCESORIOS PARA INODOROS','-','JUEGO','2/14',0.000,1,NULL),
  (15,20,'ACCESORIOS PARA MOTOCICLETA','-','-','20/15',0.000,1,NULL),
  (16,8,'ACCESS POINT','-','PIEZA','8/16',0.000,1,NULL),
  (17,21,'ACE DETERGENTE','-','KLs.','21/17',328.000,1,NULL),
  (18,21,'ACEITE','-','LITROS','21/18',0.000,1,NULL),
  (19,4,'ACEITE 15-40','-','LITRO','4/19',0.000,1,NULL),
  (20,19,'ACEITE DE LINAZA','-','LITRO','19/20',0.000,1,NULL),
  (21,4,'ACEITE ESPECIAL NO 40','-','LITRO','4/21',11.000,1,NULL),
  (22,4,'ACEITE HIDRAULICO NO 68','-','LITRO','4/22',1.000,1,NULL),
  (23,4,'ACEITE HIDRAULICO NO HD 46','-','-','4/23',0.000,1,NULL),
  (24,4,'ACEITE MULTIGRADO NO 20','-','LITRO','4/24',0.000,1,NULL),
  (25,4,'ACEITE NO 250-240','-','LITRO','4/25',0.000,1,NULL),
  (26,4,'ACEITE PARA ARTEFACTOR','-','-','4/26',0.000,1,NULL),
  (27,4,'ACEITE PARA CAJA NO 140','-','LITRO','4/27',0.000,1,NULL),
  (28,4,'ACEITE PARA TRANSFORMADOR','-','LITRO','4/28',0.000,1,NULL),
  (29,4,'ACEITE SUCIO','-','LITRO','4/29',0.000,1,NULL),
  (30,4,'ACEITE SUPER ESPECIAL NO 30','-','LITRO','4/30',0.000,1,NULL),
  (31,21,'ACIDO CLORHIDRICO','-','-','21/31',0.000,1,NULL),
  (32,21,'ACIDO NITRICO','-','LITRO','21/32',0.000,1,NULL),
  (33,11,'ACOFASTERS','-','JUEGO','11/33',1769.000,1,NULL),
  (34,15,'ACOPLES','-','PIEZA','15/34',0.000,1,NULL),
  (35,2,'ACOPLES','-','-','2/35',0.000,1,NULL),
  (36,24,'ACORDEON','-','PIEZA','24/36',0.000,1,NULL),
  (37,1,'ACORDEON PROFESIONAL','-','PIEZA','1/37',0.000,1,NULL),
  (38,11,'ACRILEX DE VARIOS COLORES','-','CAJA','11/38',0.000,1,NULL),
  (39,7,'ACTA DE ENTREGA DE MATERIALES','-','BLOCK','7/39',2.000,1,NULL),
  (40,2,'ADAPTADOR DE VARIAS MEDIDAS','-','PIEZA','2/40',0.000,1,NULL),
  (41,15,'ADAPTOR','-','-','15/41',0.000,1,NULL),
  (42,20,'ADITIVO','-','-','20/42',0.000,1,NULL),
  (43,10,'ADOBES','-','PIEZA','10/43',0.000,1,NULL),
  (44,21,'ADORNOS DE NAVIDAD','-','JUEGO','21/44',0.000,1,NULL),
  (45,7,'AFICHES','-','HOJAS','7/45',0.000,1,NULL),
  (46,11,'AGENDAS','-','PIEZAS','11/46',0.000,1,NULL),
  (47,10,'AGROFIL','-','ROLLO','10/47',0.000,1,NULL),
  (48,4,'AGUA ACIDULADA','-','LITRO','4/48',0.000,1,NULL),
  (49,9,'AGUA OXIGENADA','-','PIEZA','9/49',0.000,1,NULL),
  (50,19,'AGUARRAS','-','LITRO','19/50',0.000,1,NULL),
  (51,21,'AGUJAS ','-','PIEZA','21/51',0.000,1,NULL),
  (52,15,'AISLADOR DE SUSPENSION DE 15 KV POLIMERICO','-','PIEZA','15/52',0.000,1,NULL),
  (53,15,'AISLADORES DE 15 K.V.','-','PIEZA','15/53',0.000,1,NULL),
  (54,15,'AISLADORES DE MADERA','-','PIEZA','15/54',0.000,1,NULL),
  (55,15,'AISLADORES DE PASO','-','PIEZA','15/55',0.000,1,NULL),
  (56,15,'AISLADORES DE TENSIÓN ','-','PIEZA','15/56',0.000,1,NULL),
  (57,15,'AISLADORES JABALINA','-','-','15/57',0.000,1,NULL),
  (58,15,'AISLADORES RONDANA ','-','-','15/58',0.000,1,NULL),
  (59,15,'AISLADORES TIPO CARRETA','-','PIEZA','15/59',20.000,1,NULL),
  (60,23,'AJEDREZ','-','JUEGO','23/60',0.000,1,NULL),
  (61,15,'ALAMBRE AISLADO','-','ROLLO','15/61',0.000,1,NULL),
  (62,10,'ALAMBRE DE AMARRE','-','KILO','10/62',5.000,1,NULL),
  (63,15,'ALAMBRE DE COBRE','-','METROS','15/63',15.000,1,NULL),
  (64,1,'ALAMBRE DE PUAS','-','METRO','1/64',0.000,1,NULL),
  (65,15,'ALAMBRE FORRADO','-','-','15/65',0.000,1,NULL),
  (66,15,'ALAMBRE GALBANIZADA PARA SELLOS','-','-','15/66',0.000,1,NULL),
  (67,13,'ALAMBRE GALBANIZADO','-','KILO','13/67',0.000,1,NULL),
  (68,15,'ALAMBRE RECOCIDO COBRE','-','METRO','15/68',0.000,1,NULL),
  (69,10,'ALAMBRE TEJIDO','-','ROLLO','10/69',0.000,1,NULL),
  (70,1,'ALAMBRE TEJIDO METRO','-','METRO','1/70',0.000,1,NULL),
  (71,1,'ALARGADOR - TOMA CORRIENTE','-','PIEZA','1/71',1.000,1,NULL),
  (72,9,'ALCOHOL','-','LITRO','9/72',0.000,1,NULL),
  (73,5,'ALDABAS','-','PIEZA','5/73',0.000,1,NULL),
  (74,11,'ALFILERES','-','CAJA','11/74',0.000,1,NULL),
  (75,11,'ALFILERES CON CABEZAS DE COLORES','-','CAJA','11/75',0.000,1,NULL),
  (76,21,'ALFOMBRA','-','PIEZA','21/76',0.000,1,NULL),
  (77,9,'ALGODÓN','-','BOLSA','9/77',0.000,1,NULL),
  (78,8,'ALICATE DE FUERZA','-','PIEZA','8/78',0.000,1,NULL),
  (79,8,'ALICATE DE PUNTA','-','PIEZA','8/79',0.000,1,NULL),
  (80,8,'ALICATE ENTORCHE','-','PIEZA','8/80',0.000,1,NULL),
  (81,8,'ALICATE GRIMPEADOR ','-','PIEZA','8/81',0.000,1,NULL),
  (82,8,'ALICATE UNIVERSAL PUNTA CUADRADA Y PELA CABLE','-','JUEGO','8/82',0.000,1,NULL),
  (83,8,'ALICATES (CORTE Y FUERZA)','-','JUEGO','8/83',0.000,1,NULL),
  (84,8,'ALICATES AISLADOS','STANLEY','JUEGO','8/84',0.000,1,NULL),
  (85,8,'ALICATES CHAVETEROS','-','JUEGO','8/85',0.000,1,NULL),
  (86,8,'ALICATES DE CORTE','-','PIEZA','8/86',0.000,1,NULL),
  (87,9,'ALMOHADAS','-','PIEZA','9/87',0.000,1,NULL),
  (88,15,'ALOGENOS','-','PIEZA','15/88',50.000,1,NULL),
  (89,20,'ALOGENOS COMPLETOS','-','PIEZA','20/89',0.000,1,NULL),
  (90,15,'ALOGENOS DE 500W','-','PIEZA','15/90',0.000,1,NULL),
  (91,4,'ALQUITRAN','-','KILO','4/91',0.000,1,NULL),
  (92,20,'ALTERNADOR','-','PIEZA','20/92',0.000,1,NULL),
  (93,21,'AMBIENTADOR','-','PIEZA','21/93',194.000,1,NULL),
  (94,21,'AMBIENTADOR DE COLGAR','-','PIEZA','21/94',2.000,1,NULL),
  (95,21,'AMBIENTADOR EN PASTILLA','-','PIEZA','21/95',0.000,1,NULL),
  (96,8,'AMOLADORAS','-','PIEZA','8/96',1.000,1,NULL),
  (97,20,'AMORTIGUADORES','-','PIEZA','20/97',0.000,1,NULL),
  (98,20,'AMORTIGUADORES TRASEROS','-','PIEZA','20/98',0.000,1,NULL),
  (99,1,'AMPERIMETRO','-','-','1/99',0.000,1,NULL),
  (100,1,'AMPLIADOR DE FOTOGRAFIAS','-','-','1/100',0.000,1,NULL),
  (101,17,'ANAQUELES','-','-','17/101',0.000,1,NULL),
  (102,15,'ANCAS METALICAS','-','-','15/102',0.000,1,NULL),
  (103,15,'ANCLA PLATO ','-','PIEZA','15/103',0.000,1,NULL),
  (104,16,'ANFO','-','KILO','16/104',0.000,1,NULL),
  (105,6,'ANGULARES','-','PIEZA','6/105',0.000,1,NULL),
  (106,6,'ANGULARES DE 1\"','-','PIEZA','6/106',0.000,1,NULL),
  (107,20,'ANILLAS','-','JUEGO','20/107',0.000,1,NULL),
  (108,20,'ANILLAS DE MOTOR','-','PZA','20/108',0.000,1,NULL),
  (109,11,'ANILLOS PARA ENCUADERNADOS','-','PIEZA','11/109',0.000,1,NULL),
  (110,20,'ANTENA DE RADIO','-','PIEZA','20/110',0.000,1,NULL),
  (111,1,'ANTENA DE TELEVISOR','-','PIEZA','1/111',0.000,1,NULL),
  (112,1,'ANTENA P'' TX TV.SISTEMA RADIANTE HRF','-','-','1/112',0.000,1,NULL),
  (113,1,'ANTENA REJILLA','-','PIEZA','1/113',0.000,1,NULL),
  (114,4,'ANTICONGELANTE','-','LITRO','4/114',0.000,1,NULL),
  (115,1,'ANTIVIRUS','-','-','1/115',0.000,1,NULL),
  (116,21,'AÑELINA','-','KILO','21/116',0.000,1,NULL),
  (117,7,'APROBACION DE PLANOS','-','BLOCK','7/117',2.000,1,NULL),
  (118,21,'ARAGAN (PEQUEÑO)','-','PIEZA','21/118',0.000,1,NULL),
  (119,21,'ARAGAN DE GOMA ','-','PIEZA','21/119',86.000,1,NULL),
  (120,20,'ARANDELAS ','-','PIEZA','20/120',0.000,1,NULL),
  (121,24,'ARBOL DE NAVIDAD','-','PIEZA','24/121',0.000,1,NULL),
  (122,11,'ARCHIVADOR A PALANCA T/ MEMORANDUM','-','PIEZA','11/122',28.000,1,NULL),
  (123,11,'ARCHIVADOR A PALANCA T/O','-','PIEZA','11/123',48.000,1,NULL),
  (124,11,'ARCHIVADOR RAPIDO','-','PIEZA','11/124',7.000,1,NULL),
  (125,26,'ARCOS METALICOS DE FUTBOL','-','PIEZA','26/125',0.000,1,NULL),
  (126,21,'ARCOS METALICOS DE FUTSAL','-','PIEZA','21/126',0.000,1,NULL),
  (127,10,'ARENA CHALLA','-','VOLQUETA','10/127',0.000,1,NULL),
  (128,10,'ARENA COMUN','-','VOLQUETA','10/128',0.000,1,NULL),
  (129,10,'ARENA FINA','-','VOLQUETA','10/129',0.000,1,NULL),
  (130,17,'ARMAZONES DE MADERA ','-','-','17/130',0.000,1,NULL),
  (131,17,'ARMAZONES METALICOS','-','PIEZA','17/131',0.000,1,NULL),
  (132,5,'ARMELLAS ','-','PAR','5/132',0.000,1,NULL),
  (133,12,'ARNES','-','-','12/133',0.000,1,NULL),
  (134,20,'ARON ALFA','-','-','20/134',0.000,1,NULL),
  (135,20,'AROS DE MOTOCICLETAS','-','PIEZA','20/135',0.000,1,NULL),
  (136,21,'AROS DE TABLEROS DE BASQUETBOL','-','PIEZA','21/136',0.000,1,NULL),
  (137,8,'AROS PARA CARRETILLA','-','PIEZA','8/137',0.000,1,NULL),
  (138,21,'AROS ULA ULA','-','PIEZA','21/138',0.000,1,NULL),
  (139,15,'ARRANCADORES AUTOMATICOS','-','PIEZA','15/139',0.000,1,NULL),
  (140,15,'ARRANCADORES VARIOS','-','CAJA','15/140',4.000,1,NULL),
  (141,20,'ASBESTO DE HILACHA','-','-','20/141',0.000,1,NULL),
  (142,7,'ASISTENCIA FAMILIAR','-','BLOCK','7/142',0.000,1,NULL),
  (143,8,'ASOBERAS','-','-','8/143',0.000,1,NULL),
  (144,20,'ASPA','-','-','20/144',0.000,1,NULL),
  (145,2,'ASPERSOR','-','-','2/145',0.000,1,NULL),
  (146,8,'ASPERSORES','-','-','8/146',0.000,1,NULL),
  (147,9,'ASPIRADORA','-','-','9/147',0.000,1,NULL),
  (148,8,'ASPIRADORA ELECTRICO','-','PIEZA','8/148',0.000,1,NULL),
  (149,1,'AUDIFONOS','-','PIEZA','1/149',0.000,1,NULL),
  (150,20,'AUTOMATICO PARA MOTOR DE ARRANQUE','-','PIEZA','20/150',0.000,1,NULL),
  (151,7,'AUTORIZACIÓN DE CAJA CHICA','-','TLNRIO','7/151',0.000,1,NULL),
  (152,7,'AUTORIZACION DE CONSTRUCCION','-','BLOCK','7/152',0.000,1,NULL),
  (153,7,'AUTORIZACIÓN DE INTENDENCIA','-','BLOCK','7/153',5.000,1,NULL),
  (154,7,'AUTORIZACIÓN DE OBRAS PUBLICAS','-','BLOCK','7/154',6.000,1,NULL),
  (155,7,'AUTORIZACIÓN DESPACHO DE COMBUSTIBLE','-','TLNRIO','7/155',4.000,1,NULL),
  (156,7,'AUTORIZACIÓN ENERGIA ELECTRICA','-','BLOCK','7/156',0.000,1,NULL),
  (157,7,'AUTORIZACIONES S.A. CATAVI','-','BLOCK','7/157',3.000,1,NULL),
  (158,20,'AXIALES','-','JUEGO','20/158',0.000,1,NULL),
  (159,8,'AZADON ','-','PIEZA','8/159',0.000,1,NULL),
  (160,21,'AZUCARERAS','-','-','21/160',0.000,1,NULL),
  (161,15,'AZULEJOS','-','CAJA','15/161',0.000,1,NULL),
  (162,8,'BADILEJOS','-','PIEZA','8/162',0.000,1,NULL),
  (163,10,'BAJANTES','-','METRO','10/163',0.000,1,NULL),
  (164,15,'BALANCINES','-','PIEZA','15/164',0.000,1,NULL),
  (165,21,'BALANZA','-','-','21/165',0.000,1,NULL),
  (166,9,'BALANZA DE BRAZO Y PIE','-','PIEZA','9/166',0.000,1,NULL),
  (167,9,'BALANZA PEDIATRICO','-','-','9/167',0.000,1,NULL),
  (168,26,'BALAS DEPORTIVAS DE 4 KILOS','-','PIEZA','26/168',0.000,1,NULL),
  (169,26,'BALAS DEPORTIVAS DE 5 KILOS ','-','PIEZA','26/169',0.000,1,NULL),
  (170,16,'BALAS PROYECTILES','-','CAJA','16/170',0.000,1,NULL),
  (171,15,'BALASTROS','-','PIEZA','15/171',0.000,1,NULL),
  (172,15,'BALASTROS DE 250 W. SODIO','-','PIEZA','15/172',0.000,1,NULL),
  (173,15,'BALASTROS SODIO 70 W','-','PIEZA','15/173',0.000,1,NULL),
  (174,20,'BALATAS DE AUTOMOVILES','-','PIEZA','20/174',0.000,1,NULL),
  (175,20,'BALATAS DE MOTOCICLETAS','-','PIEZA','20/175',0.000,1,NULL),
  (176,21,'BALDE ESCURRIDOR (TRAPEADOR)','-','PIEZA','21/176',0.000,1,NULL),
  (177,8,'BALDES DE PLANCHA','-','PIEZA','8/177',0.000,1,NULL),
  (178,21,'BALDES VARIOS','-','PIEZA','21/178',5.000,1,NULL),
  (179,10,'BALDOSAS TEXTURADAS 40 X 40','-','M2','10/179',0.000,1,NULL),
  (180,21,'BALON DE BASQUET','-','PIEZA','21/180',0.000,1,NULL),
  (181,21,'BALON DE FUTSAL','-','PIEZA','21/181',0.000,1,NULL),
  (182,21,'BALON DE RAQUET','-','CAJA','21/182',0.000,1,NULL),
  (183,21,'BALON DE RAQUET WILSON','-','PIEZA','21/183',0.000,1,NULL),
  (184,21,'BALONES DE FUTBOL','-','PIEZA','21/184',0.000,1,NULL),
  (185,26,'BALONES DE MINIBASQUET # 5','-','PIEZA','26/185',0.000,1,NULL),
  (186,26,'BALONES DE VOLEIBOL','-','PIEZA','26/186',0.000,1,NULL),
  (187,17,'BANCAS CON ESPALDAR DE MADERA','-','PIEZA','17/187',0.000,1,NULL),
  (188,17,'BANCAS DE MADERA','-','PIEZA','17/188',0.000,1,NULL),
  (189,21,'BANDAS CIVICAS','-','PIEZA','21/189',0.000,1,NULL),
  (190,21,'BANDEJA DE LATA','-','PIEZA','21/190',0.000,1,NULL),
  (191,21,'BANDERAS','-','PIEZA','21/191',0.000,1,NULL),
  (192,21,'BANNER GRANDES','-','PIEZA','21/192',0.000,1,NULL),
  (193,21,'BANNER MEDIANOS','-','PIEZA','21/193',0.000,1,NULL),
  (194,21,'BANNER PEQUEÑOS','-','PIEZA','21/194',0.000,1,NULL),
  (195,21,'BAÑADORES VARIOS','-','PIEZA','21/195',0.000,1,NULL),
  (196,10,'BARANDA METALICA','-','METRO','10/196',0.000,1,NULL),
  (197,10,'BARANDAS','-','-','10/197',0.000,1,NULL),
  (198,12,'BARBIJOS','-','PIEZA','12/198',0.000,1,NULL),
  (199,15,'BARISTONES','-','-','15/199',0.000,1,NULL),
  (200,19,'BARNIZ VARIOS','-','LITRO','19/200',0.000,1,NULL),
  (201,2,'BARRAS DE DUCTO','-','PARADA','2/201',0.000,1,NULL),
  (202,8,'BARRENOS','-','PIEZA','8/202',0.000,1,NULL),
  (203,20,'BASE DE CARBURADOR','-','-','20/203',0.000,1,NULL),
  (204,1,'BASE DE TRANSMICIÓN DE DATOS','-','-','1/204',0.000,1,NULL),
  (205,15,'BASE PARA FOTOCELULA','-','PIEZA','15/205',0.000,1,NULL),
  (206,21,'BASINES ','-','-','21/206',0.000,1,NULL),
  (207,21,'BASUREROS PLASTICOS','-','PIEZA','21/207',0.000,1,NULL),
  (208,21,'BATERIA DE CAMARA FOTOGRAFICA','-','PIEZA','21/208',0.000,1,NULL),
  (209,25,'BATERIA DE COMPUTADORA PORTATIL','-','PIEZA','25/209',0.000,1,NULL),
  (210,20,'BATERIA DE MOTOCICLETAS','.','PIEZA','20/210',0.000,1,NULL),
  (211,1,'BATERIA PARA CAMARA DE 9V.','-','PIEZA','1/211',51.000,1,NULL),
  (212,20,'BATERIAS DE DIFERENTES AMPERIOS','-','PIEZA','20/212',0.000,1,NULL),
  (213,1,'BATERIAS DE FILMADORAS','-','PIEZA','1/213',0.000,1,NULL),
  (214,2,'BATERIAS DE INODOROS','-','JUEGO','2/214',0.000,1,NULL),
  (215,21,'BATIDORAS','-','PIEZA','21/215',0.000,1,NULL),
  (216,21,'BATONES','-','PIEZA','21/216',0.000,1,NULL),
  (217,21,'BATONES DE BOXEO','-','PIEZA','21/217',0.000,1,NULL),
  (218,20,'BENDEX','-','PIEZA','20/218',0.000,1,NULL),
  (219,21,'BIDONES VACIOS','-','PIEZA','21/219',0.000,1,NULL),
  (220,8,'BILLAVARQUIN','-','PIEZA','8/220',0.000,1,NULL),
  (221,9,'BIOMBO','-','-','9/221',0.000,1,NULL),
  (222,10,'BISAGRAS DE BRONCE','-','PIEZA','10/222',0.000,1,NULL),
  (223,5,'BISAGRAS DOBLE','-','PIEZA','5/223',0.000,1,NULL),
  (224,5,'BISAGRAS VARIAS MEDIDAS','-','PIEZA','5/224',0.000,1,NULL),
  (225,20,'BLOQUEADOR DE AIRE','-','PIEZA','20/225',0.000,1,NULL),
  (226,1,'BLOWER SPOKER (SOPLADOR)','-','-','1/226',0.000,1,NULL),
  (227,15,'BOAKER','-','-','15/227',0.000,1,NULL),
  (228,20,'BOBINA','-','PIEZA','20/228',0.000,1,NULL),
  (229,20,'BOBINA MAGNETO','-','-','20/229',0.000,1,NULL),
  (230,21,'BOBINA PARA MAQUINA DE COSER','-','-','21/230',0.000,1,NULL),
  (231,20,'BOCINAS','-','PIEZA','20/231',0.000,1,NULL),
  (232,7,'BOLETOS BAÑOS FAMILIAR BS. 5,00','-','TLNRIO','7/232',150.000,1,NULL),
  (233,7,'BOLETOS BAÑOS FAMILIAR BS.10,00','-','TLNRIO','7/233',340.000,1,NULL),
  (234,7,'BOLETOS BAÑOS GENERAL BS.0,50','-','TLNRIO','7/234',590.000,1,NULL),
  (235,7,'BOLETOS BAÑOS GENERAL BS.1,00','-','TLNRIO','7/235',230.000,1,NULL),
  (236,7,'BOLETOS BAÑOS GENERAL BS.2,00','-','TLNRIO','7/236',650.000,1,NULL),
  (237,7,'BOLETOS BAÑOS GENERAL BS.3,00','-','TLNRIO','7/237',300.000,1,NULL),
  (238,7,'BOLETOS BAÑOS MIXTO   BS. 2,50','-','TLNRIO','7/238',450.000,1,NULL),
  (239,7,'BOLETOS BAÑOS TECNICO BS 20','-','TLNARIO','7/239',240.000,1,NULL),
  (240,7,'BOLETOS BAÑOS TECNICO BS.10,00','-','TLNRIO','7/240',1600.000,1,NULL),
  (241,7,'BOLETOS BAÑOS TURCO    BS.10,00','-','TLNRIO','7/241',390.000,1,NULL),
  (242,7,'BOLETOS BAÑOS TURCO BS 20.','-','TALONARIO','7/242',390.000,1,NULL),
  (243,7,'BOLETOS DE SANCION 1RA INFRACCION','-','BLOCK','7/243',8.000,1,NULL),
  (244,7,'BOLETOS DE SANCION 2DA.INFRACCION','-','BLOCK','7/244',8.000,1,NULL),
  (245,7,'BOLETOS DE SANCION 3RA INFRACCION','-','BLOCK','7/245',8.000,1,NULL),
  (246,7,'BOLETOS ENTRADA DE VEHICULOS DE BS.1,00','-','TLNRIO','7/246',300.000,1,NULL),
  (247,7,'BOLETOS GUARDA EQUIPAJE  BS 5','-','BLOCK','7/247',400.000,1,NULL),
  (248,7,'BOLETOS GUARDA EQUIPAJE BS 2','-','TALONARIOS','7/248',370.000,1,NULL),
  (249,7,'BOLETOS GUARDA EQUIPAJE BS 3','-','TALONARIO','7/249',400.000,1,NULL),
  (250,7,'BOLETOS PISCINA BS 1.-','-','TALONARIOS','7/250',200.000,1,NULL),
  (251,7,'BOLETOS PISCINA BS 2,50','-','TALONARIOS','7/251',300.000,1,NULL),
  (252,7,'BOLETOS PISCINA BS 5.-','-','TALONARIOS','7/252',0.000,1,NULL),
  (253,7,'BOLETOS USO CARRIL DE BS.2,00','-','TLNRIO','7/253',200.000,1,NULL),
  (254,7,'BOLETOS USO MINGITORIO TERMINAL BS.0,50','-','TLNRIO','7/254',580.000,1,NULL),
  (255,7,'BOLETOS USO TERMINAL DE BUSES BS.0,50','-','TLNRIO','7/255',610.000,1,NULL),
  (256,11,'BOLIGRAFOS ','-','PIEZA','11/256',121.000,1,NULL),
  (257,11,'BOLIGRAFOS PILOT','-','PIEZA','11/257',175.000,1,NULL),
  (258,10,'BOLILLOS DE MADERA','-','PIEZA','10/258',0.000,1,NULL),
  (259,21,'BOLSA PUCHS','-','PIEZA','21/259',0.000,1,NULL),
  (260,21,'BOLSAS DE NAYLON','-','BOLSA','21/260',0.000,1,NULL),
  (261,21,'BOLSAS DE REPIQUE','-','KILO','21/261',0.000,1,NULL),
  (262,21,'BOLSAS METALEROS ','-','PIEZA','21/262',0.000,1,NULL),
  (263,21,'BOLZONES','-','-','21/263',0.000,1,NULL),
  (264,20,'BOMBA DE AGUA','-','PIEZA','20/264',0.000,1,NULL),
  (265,20,'BOMBA DE EMBRIAGUE','-','BLOCK','20/265',0.000,1,NULL),
  (266,20,'BOMBA DE GASOLINA ELECTRICO','-','PIEZA','20/266',0.000,1,NULL),
  (267,8,'BOMBA PARA ACEITE','-','PIEZA','8/267',0.000,1,NULL),
  (268,20,'BOMBIN','-','-','20/268',0.000,1,NULL),
  (269,20,'BOQUILLAS DE AIRE','-','-','20/269',0.000,1,NULL),
  (270,8,'BOQUILLAS DE OXIGENO','-','JUEGO','8/270',0.000,1,NULL),
  (271,20,'BOQUILLAS GRASERAS','-','-','20/271',0.000,1,NULL),
  (272,13,'BORAX','-','-','13/272',0.000,1,NULL),
  (273,8,'BORDEADORA CANALEADORA','-','PIEZA','8/273',0.000,1,NULL),
  (274,20,'BORNES POSITVO Y NEGATIVO','-','PIEZA','20/274',0.000,1,NULL),
  (275,11,'BORRADOR','-','PIEZA','11/275',168.000,1,NULL),
  (276,11,'BORRADOR EN LAPIZ','-','PIEZA','11/276',0.000,1,NULL),
  (277,10,'BOTA DE GOMA CON FORRO AZUL','-','PAR','10/277',12.000,1,NULL),
  (278,8,'BOTAS DE AGUA 1/2 CAÑA','-','PAR','8/278',0.000,1,NULL),
  (279,12,'BOTAS DE GOMA','-','PAR','12/279',24.000,1,NULL),
  (280,12,'BOTAS DE GOMA CON PUNTA DE ACERO','-','PAR','12/280',0.000,1,NULL),
  (281,21,'BOTELLON DE AGUA','-','PIEZA','21/281',0.000,1,NULL),
  (282,8,'BOTELLON DE OXIGENO','-','-','8/282',0.000,1,NULL),
  (283,21,'BOTINES DE BOXEO','-','PAR','21/283',0.000,1,NULL),
  (284,12,'BOTINES DE CUERO','-','PAR','12/284',0.000,1,NULL),
  (285,8,'BOTINES DE SEGURIDAD','-','PAR','8/285',0.000,1,NULL),
  (286,9,'BOTIQUIN','-','PIEZA','9/286',0.000,1,NULL),
  (287,21,'BOTIQUIN MAS MEDICAMENTES (COMPLETO)','-','PIEZA','21/287',0.000,1,NULL),
  (288,20,'BOTON PARA BOCINA','-','PIEZA','20/288',0.000,1,NULL),
  (289,20,'BOTONES DE ON/OFF','-','PIEZA','20/289',0.000,1,NULL),
  (290,20,'BRAZO DE BIELA','-','PIEZA','20/290',0.000,1,NULL),
  (291,12,'BRAZO DE DIRECCION','-','PIEZA','12/291',1.000,1,NULL),
  (292,20,'BRAZO PITMAN','-','PIEZA','20/292',0.000,1,NULL),
  (293,15,'BRAZO UNIANGULAR CORTO','-','PIEZA','15/293',0.000,1,NULL),
  (294,15,'BREACKER DE 3 X 100 AMP.','INDUSTRIAL','PIEZA','15/294',0.000,1,NULL),
  (295,15,'BREACKER DE 3 X 200 AMP.','INDUSTRIAL','PIEZA','15/295',0.000,1,NULL),
  (296,15,'BREAKER  3 X 75 AMPERIOS','-','PIEZA','15/296',0.000,1,NULL),
  (297,8,'BROCAS  MECANICO ','-','PIEZA','8/297',0.000,1,NULL),
  (298,8,'BROCAS DE CARPINTERIA','-','JUEGO(3PZAS)','8/298',0.000,1,NULL),
  (299,8,'BROCAS DE CEMENTO','-','PIEZA','8/299',0.000,1,NULL),
  (300,8,'BROCHAS','-','PIEZA','8/300',0.000,1,NULL),
  (301,21,'BROCHES','-','-','21/301',0.000,1,NULL),
  (302,8,'BRUJULA ','-','PIEZA','8/302',0.000,1,NULL),
  (303,20,'BUJES DE GOMA','-','PIEZA','20/303',0.000,1,NULL),
  (304,20,'BUJES DE MUELLE','-','PIEZA','20/304',0.000,1,NULL),
  (305,20,'BUJIA','-','PIEZA','20/305',0.000,1,NULL),
  (306,20,'BUJIAS','-','PAR','20/306',0.000,1,NULL),
  (307,1,'BUS VARIOS','-','PIEZA','1/307',0.000,1,NULL),
  (308,21,'CABALLETE DE MADERA ','-','PIEZA','21/308',0.000,1,NULL),
  (309,11,'CABEZAL CATRIG LQ 2170','-','PIEZA','11/309',0.000,1,NULL),
  (310,21,'CABEZAL IMPRESORA FX2190 EPSON','-','PIEZA','21/310',0.000,1,NULL),
  (311,15,'CABLE # 10','-','METRO','15/311',200.000,1,NULL),
  (312,15,'CABLE # 12','-','METRO','15/312',300.000,1,NULL),
  (313,15,'CABLE # 14','-','METROS','15/313',0.000,1,NULL),
  (314,15,'CABLE # 8','-','METRO','15/314',0.000,1,NULL),
  (315,15,'CABLE ACERADO','-','-','15/315',0.000,1,NULL),
  (316,15,'CABLE BLINDADO COAXIAL','-','METRO','15/316',0.000,1,NULL),
  (317,15,'CABLE CONCENTRICO','-','METRO','15/317',20.000,1,NULL),
  (318,8,'CABLE DE ACERO','-','-','8/318',0.000,1,NULL),
  (319,15,'CABLE DE ALUMINIO ACSR','-','METRO','15/319',0.000,1,NULL),
  (320,20,'CABLE DE BUJIAS','-','JUEGO','20/320',0.000,1,NULL),
  (321,15,'CABLE DE COBRE AISLADO','-','METRO','15/321',0.000,1,NULL),
  (322,20,'CABLE DE FRENO','-','-','20/322',0.000,1,NULL),
  (323,15,'CABLE DE PODER','-','PIEZA','15/323',0.000,1,NULL),
  (324,15,'CABLE DE PORTA ELECTRODO','-','METRO','15/324',0.000,1,NULL),
  (325,1,'CABLE DE RED','-','METRO','1/325',0.000,1,NULL),
  (326,21,'CABLE DE TRANSFERENCIA DE ESTACION TOTAL','-','PIEZA','21/326',0.000,1,NULL),
  (327,15,'CABLE DUPLEX NO 4 ','-','METRO','15/327',0.000,1,NULL),
  (328,1,'CABLE EXTENSOR Y ALARGADOR USB','-','PIEZA','1/328',0.000,1,NULL),
  (329,15,'CABLE FORRADO','-','METRO','15/329',0.000,1,NULL),
  (330,15,'CABLE MONOPOLAR','-','METRO','15/330',0.000,1,NULL),
  (331,20,'CABLE PARA ACELERADOR','-','-','20/331',0.000,1,NULL),
  (332,15,'CABLE PARA ANTENA','-','-','15/332',0.000,1,NULL),
  (333,20,'CABLE PARA APAGADOR','-','-','20/333',0.000,1,NULL),
  (334,15,'CABLE PARA ARCO','-','METROS','15/334',0.000,1,NULL),
  (335,20,'CABLE PARA BATERIA','-','-','20/335',0.000,1,NULL),
  (336,1,'CABLE PARALELO','-','PIEZA','1/336',0.000,1,NULL),
  (337,15,'CABLE PELADO DE COBRE','-','METRO','15/337',0.000,1,NULL),
  (338,25,'CABLE RCA STEREO DE 3 SALIDAS ','-','PIEZA','25/338',0.000,1,NULL),
  (339,21,'CABLE SATA','-','PIEZA','21/339',0.000,1,NULL),
  (340,15,'CABLE TELEFONICO','-','METRO','15/340',0.000,1,NULL),
  (341,15,'CABLE TRIPLEX','-','METRO','15/341',0.000,1,NULL),
  (342,15,'CABLE U T P','-','METRO','15/342',0.000,1,NULL),
  (343,15,'CABLE UNIFILAR','-','METRO','15/343',0.000,1,NULL),
  (344,15,'CABLE USB','-','PIEZA','15/344',0.000,1,NULL),
  (345,20,'CABLES DE EMBRAGUE','-','PIEZA','20/345',0.000,1,NULL),
  (346,1,'CABLES PARACOMPUTADORAS','-','PIEZA','1/346',0.000,1,NULL),
  (347,21,'CACEROLA DE ACERO','-','PIEZA','21/347',0.000,1,NULL),
  (348,20,'CADENA DE MOTOR','-','PIEZA','20/348',0.000,1,NULL),
  (349,8,'CADENA PARA MOTO SIERRA','-','-','8/349',0.000,1,NULL),
  (350,8,'CADENAS VARIOS','-','METRO','8/350',0.000,1,NULL),
  (351,20,'CADENILLA DID PARA MOTOCICLETAS','-','PIEZA','20/351',0.000,1,NULL),
  (352,21,'CAFETERA CALDERA','-','-','21/352',0.000,1,NULL),
  (353,2,'CAJA CIRCULAR DE PLASTICO','-','PIEZA','2/353',0.000,1,NULL),
  (354,21,'CAJA DE ALMOHADILLA','-','PIEZA','21/354',0.000,1,NULL),
  (355,15,'CAJA DE DERIBACIÓN ','-','PIEZA','15/355',0.000,1,NULL),
  (356,8,'CAJA DE HERRAMIENTAS','-','PIEZA','8/356',0.000,1,NULL),
  (357,21,'CAJA DE MADERA','-','PIEZA','21/357',0.000,1,NULL),
  (358,17,'CAJA FUERTE DE PIE CON BLINDAJE ','-','PIEZA','17/358',0.000,1,NULL),
  (359,2,'CAJA INTERCEPTORA','-','PIEZA','2/359',0.000,1,NULL),
  (360,9,'CAJA METALICA (VARIAS MEDIDAS)','-','CAJA','9/360',0.000,1,NULL),
  (361,15,'CAJA METALICA PARA MEDIDOR','-','PIEZA','15/361',0.000,1,NULL),
  (362,21,'CAJA PARA MAQUINA','-','PIEZA','21/362',0.000,1,NULL),
  (363,21,'CAJA PARA TELEFONO','-','PIEZA','21/363',0.000,1,NULL),
  (364,15,'CAJA PARA TERMOMAGNETICO','-','PIEZA','15/364',0.000,1,NULL),
  (365,15,'CAJA RECTANGULAR','-','PIEZA','15/365',0.000,1,NULL),
  (366,24,'CAJA REVELADORA DE RAYOS X ODONTOLOGICA ','-','PIEZA','24/366',0.000,1,NULL),
  (367,15,'CAJA U T P','-','PIEZA','15/367',0.000,1,NULL),
  (368,10,'CAL','-','BOLSA','10/368',0.000,1,NULL),
  (369,10,'CALAMINA NO 28 ','-','HOJA','10/369',0.000,1,NULL),
  (370,10,'CALAMINA PLANA','-','HOJA','10/370',0.000,1,NULL),
  (371,10,'CALAMINA PLASTICA CLARABOYA','-','PIEZA','10/371',0.000,1,NULL),
  (372,1,'CALCULADORAS C/S WINCHA','-','PIEZA','1/372',0.000,1,NULL),
  (373,11,'CALCULADORAS DE ESCRITORIO','-','PIEZA','11/373',0.000,1,NULL),
  (374,1,'CALEFACTOR ELECTRICO','-','PIEZA','1/374',0.000,1,NULL),
  (375,8,'CALIBRADOR','-','-','8/375',0.000,1,NULL),
  (376,20,'CALIBRADOR EN LAMINAS','-','-','20/376',0.000,1,NULL),
  (377,10,'CALLAPOS','-','PIEZA','10/377',0.000,1,NULL),
  (378,12,'CALZADOS','-','PAR','12/378',8.000,1,NULL),
  (379,12,'CALZADOS INDUSTRIALES','-','PAR','12/379',0.000,1,NULL),
  (380,1,'CAMARA FOTOGRAFICA','-','PIEZA','1/380',0.000,1,NULL),
  (381,20,'CAMARA PARA LLANTAS','-','PIEZA','20/381',0.000,1,NULL),
  (382,2,'CAMARAS','-','PIEZA','2/382',0.000,1,NULL),
  (383,1,'CAMARAS FILMADORAS','-','PIEZA','1/383',0.000,1,NULL),
  (384,1,'CAMARAS WEB','-','PIEZA','1/384',0.000,1,NULL),
  (385,9,'CAMILLA GINECOLOGICO Y OTROS','-','-','9/385',0.000,1,NULL),
  (386,12,'CAMISAS','-','PIEZA','12/386',9.000,1,NULL),
  (387,20,'CAMISAS DE PISTON','-','PIEZA','20/387',0.000,1,NULL),
  (388,20,'CAMISAS PARA MOTOR','-','JUEGO','20/388',0.000,1,NULL),
  (389,9,'CAMIZONES ADULTOS MUJERES','-','PIEZA','9/389',0.000,1,NULL),
  (390,21,'CAMPANA DE BRONCE','-','-','21/390',0.000,1,NULL),
  (391,9,'CAMPOS FENESTRADOS 41X36 CM Y OTROS','-','-','9/391',0.000,1,NULL),
  (392,9,'CAMPOS QUIRUGICOS','-','-','9/392',0.000,1,NULL),
  (393,9,'CAMPOS QUIRURGICOS PARA LEGRADO','-','-','9/393',0.000,1,NULL),
  (394,9,'CAMPOS QUIRURGICOS PEQUEÑOS','-','-','9/394',0.000,1,NULL),
  (395,10,'CANALETAS CHORRERAS','-','METRO','10/395',0.000,1,NULL),
  (396,21,'CANASTAS','-','-','21/396',0.000,1,NULL),
  (397,20,'CANASTILLO DE AIRE','-','-','20/397',0.000,1,NULL),
  (398,20,'CANASTILLO DE ALTERENADOR','-','-','20/398',0.000,1,NULL),
  (399,21,'CANASTILLO DE BASURA METALICO','-','PIEZA','21/399',0.000,1,NULL),
  (400,5,'CANDADOS ','-','PIEZA','5/400',0.000,1,NULL),
  (401,5,'CANDADOS GRANDES','-','PIEZA','5/401',0.000,1,NULL),
  (402,5,'CANDADOS MEDIANOS','-','PIEZA','5/402',0.000,1,NULL),
  (403,5,'CANDADOS PEQUEÑOS','-','PIEZA','5/403',0.000,1,NULL),
  (404,10,'CAÑAHUECA','-','-','10/404',0.000,1,NULL),
  (405,2,'CAÑERIA  PVC DE 1\"\"','-','PIEZA','2/405',0.000,1,NULL),
  (406,2,'CAÑERIA CUADRARA','-','PIEZA','2/406',0.000,1,NULL),
  (407,2,'CAÑERIA FG DE 1','-','PIEZA','2/407',0.000,1,NULL),
  (408,2,'CAÑERIA FG DE 1 1/2','-','PIEZA','2/408',5.000,1,NULL),
  (409,2,'CAÑERIA FG DE 1/2','-','PIEZA','2/409',5.000,1,NULL),
  (410,2,'CAÑERIA FG DE 2','-','PIEZA','2/410',5.000,1,NULL),
  (411,2,'CAÑERIA FG DE 3','-','PIEZA','2/411',0.000,1,NULL),
  (412,2,'CAÑERIA FG DE 4','-','PIEZA','2/412',0.000,1,NULL),
  (413,2,'CAÑERIA FG DE 6','-','PIEZA','2/413',0.000,1,NULL),
  (414,2,'CAÑERIA PVC  DE  1 1/2','-','PIEZA','2/414',0.000,1,NULL),
  (415,2,'CAÑERIA PVC  DE 1/2','-','PIEZA','2/415',0.000,1,NULL),
  (416,2,'CAÑERIA PVC DE 2','-','PIEZA','2/416',0.000,1,NULL),
  (417,2,'CAÑERIA PVC DE 3\"','-','PIEZA','2/417',0.000,1,NULL),
  (418,2,'CAÑERIA PVC DE 3/4','-','PIEZA','2/418',0.000,1,NULL),
  (419,2,'CAÑERIA PVC DE 4','-','PIEZA','2/419',0.000,1,NULL),
  (420,2,'CAÑERIA PVC DE 6','-','PIEZA','2/420',0.000,1,NULL),
  (421,15,'CAPACITORES','-','PIEZA','15/421',0.000,1,NULL),
  (422,21,'CAPUCHINOS','-','-','21/422',0.000,1,NULL),
  (423,7,'CARATULA DE AUDITORIA ESPECIAL','-','HOJA','7/423',215.000,1,NULL),
  (424,20,'CARBON PARA ALTERNADOR','-','JUEGO','20/424',0.000,1,NULL),
  (425,21,'CARBON VEGETAL','-','-','21/425',0.000,1,NULL),
  (426,20,'CARBURADOR','-','PIEZA','20/426',0.000,1,NULL),
  (427,13,'CARBURO DE CALCIO','-','KILO','13/427',0.000,1,NULL),
  (428,15,'CARGADOR DE  PILAS','-','PIEZA','15/428',0.000,1,NULL),
  (429,21,'CARGADOR DE BATERIAS','-','PIEZA','21/429',0.000,1,NULL),
  (430,7,'CARNET','-','PIEZA','7/430',0.000,1,NULL),
  (431,7,'CARNET DE INSCRIPCION AL SSPAM','-','PIEZA','7/431',0.000,1,NULL),
  (432,21,'CARPA','-','PIEZA','21/432',0.000,1,NULL),
  (433,12,'CARPA DE CAMPAÑA','-','PIEZA','12/433',0.000,1,NULL),
  (434,21,'CARPICOLA ','-','LITRO','21/434',0.000,1,NULL),
  (435,21,'CARPICOLA GRANDE DE 3.5','-','BOTE','21/435',0.000,1,NULL),
  (436,11,'CARPICOLA PEQUEÑA','-','BOTE','11/436',9.000,1,NULL),
  (437,8,'CARRETILLAS LLANTAS DE GOMA','-','PIEZA','8/437',0.000,1,NULL),
  (438,8,'CARRETILLAS MINERO','-','PIEZA','8/438',0.000,1,NULL),
  (439,21,'CARRIL PARA VENTANA','-','PIEZA','21/439',0.000,1,NULL),
  (440,9,'CARRO DE CURACIONES','-','-','9/440',0.000,1,NULL),
  (441,11,'CARTON  PRENSADO','-','PIEZA','11/441',0.000,1,NULL),
  (442,11,'CARTON CORRUGADO','-','PIEZA','11/442',0.000,1,NULL),
  (443,20,'CARTON PARA EMPAQUETADURA','-','-','20/443',0.000,1,NULL),
  (444,11,'CARTUCHO  HP # 60 COLOR','HP','PIEZA','11/444',6.000,1,NULL),
  (445,11,'CARTUCHO CANON 210 NEGRO','-','PIEZA','11/445',0.000,1,NULL),
  (446,11,'CARTUCHO CANON 211 COLORES','-','PIEZA','11/446',0.000,1,NULL),
  (447,11,'CARTUCHO CANON NEGRO BC-02','-','PIEZA','11/447',18.000,1,NULL),
  (448,11,'CARTUCHO CANON Nº 40 NEGRO','-','PIEZA','11/448',8.000,1,NULL),
  (449,11,'CARTUCHO CANON Nº 41 COLORES','-','PIEZA','11/449',5.000,1,NULL),
  (450,11,'CARTUCHO DE PLOTER HP # 10','-','PIEZA','11/450',0.000,1,NULL),
  (451,11,'CARTUCHO DE PLOTER HP # 82','-','PIEZA','11/451',0.000,1,NULL),
  (452,11,'CARTUCHO HP # 122 NEGRO','-','PIEZA','11/452',0.000,1,NULL),
  (453,11,'CARTUCHO HP # 56','-','PIEZA','11/453',0.000,1,NULL),
  (454,11,'CARTUCHO HP # 60 NEGRO','HP ','PIEZA','11/454',7.000,1,NULL),
  (455,11,'CARTUCHO HP Nº 21 NEGRO','-','PIEZA','11/455',12.000,1,NULL),
  (456,11,'CARTUCHO HP Nº 22 COLORES','HP','PIEZA','11/456',9.000,1,NULL),
  (457,11,'CARTUCHO HP Nº 92 NEGRO','HP','PIEZA','11/457',0.000,1,NULL),
  (458,11,'CARTUCHO HP Nº 93','HP','PIEZA','11/458',0.000,1,NULL),
  (459,11,'CARTUCHO HP`# 57','-','PIEZA','11/459',0.000,1,NULL),
  (460,11,'CARTUCHO LEXMAR # 17','-','PIEZA','11/460',0.000,1,NULL),
  (461,11,'CARTUCHO LEXMAR # 26','-','PIEZA','11/461',0.000,1,NULL),
  (462,11,'CARTUCHO Nº 27 NEGRO','-','PIEZA','11/462',15.000,1,NULL),
  (463,11,'CARTUCHO Nº 28 COLORES','-','PIEZA','11/463',6.000,1,NULL),
  (464,11,'CARTUCHO Nº 74 NEGRO','-','PIEZA','11/464',7.000,1,NULL),
  (465,11,'CARTUCHO Nº 75 COLORES','-','PIEZA','11/465',6.000,1,NULL),
  (466,11,'CARTUCHOS EPSON STYLUS KIT DE 6 COLORES','-','JUEGO','11/466',0.000,1,NULL),
  (467,11,'CARTULINA CASCARA DE HUEVO','-','HOJA','11/467',0.000,1,NULL),
  (468,21,'CARTULINA COLORES ESPECIALES','-','PLIEGO','21/468',0.000,1,NULL),
  (469,11,'CARTULINA DUPLEX','-','HOJA','11/469',0.000,1,NULL),
  (470,11,'CARTULINA HILADA','-','PIEZA','11/470',0.000,1,NULL),
  (471,11,'CARTULINA MICROONDULADO','-','PLIEGO','11/471',0.000,1,NULL),
  (472,11,'CARTULINA T 1/4 OFICIO T/FICHAS','-','HOJAS','11/472',0.000,1,NULL),
  (473,11,'CARTULINA T/OFICIO','-','HOJA','11/473',50.000,1,NULL),
  (474,11,'CARTULINAS NORMALES Y COLORES','-','PLIEGO','11/474',50.000,1,NULL),
  (475,12,'CASCO DE PROTECCIÓN','-','PIEZA','12/475',0.000,1,NULL),
  (476,12,'CASCO DE SEGURIDAD DE MINERIA','-','PIEZA','12/476',0.000,1,NULL),
  (477,17,'CASILLEROS','-','PIEZA','17/477',0.000,1,NULL),
  (478,11,'CASSETTS VHS','-','PIEZA','11/478',100.000,1,NULL),
  (479,20,'CATALINA PARA MOTO','-','JUEGO','20/479',0.000,1,NULL),
  (480,17,'CATRES','-','PIEZA','17/480',0.000,1,NULL),
  (481,9,'CATRES DE CAMPAÑA (DE DOBLAR)','-','PIEZA','9/481',0.000,1,NULL),
  (482,1,'CATRIX PARA IMPRESORA','-','PIEZA','1/482',0.000,1,NULL),
  (483,8,'CAUTELES PARA SOLDAR ESTAÑO','-','JUEGO','8/483',0.000,1,NULL),
  (484,8,'CAUTIL','-','-','8/484',0.000,1,NULL),
  (485,11,'CD''s','-','PIEZA','11/485',39.000,1,NULL),
  (486,11,'CD''s  REGRABABLES','-','PIEZA','11/486',30.000,1,NULL),
  (487,11,'CDS DE 128 MB','-','PIEZA','11/487',0.000,1,NULL),
  (488,11,'CDS TDK CON TAPA','-','PIEZA','11/488',0.000,1,NULL),
  (489,7,'CÉDULA ANALITICA DE AUDITORIA','-','-','7/489',0.000,1,NULL),
  (490,8,'CELDA PARA LAMPARAS CEAG','-','PIEZA','8/490',0.000,1,NULL),
  (491,10,'CEMENTO ','-','BOLSA','10/491',20.000,1,NULL),
  (492,10,'CEMENTO BLANCO','-','BOLSA','10/492',0.000,1,NULL),
  (493,10,'CEMENTO COLA','-','BOLSA','10/493',0.000,1,NULL),
  (494,21,'CEPILLO CIRCULAR PARA INODORO','-','PIEZA','21/494',8.000,1,NULL),
  (495,1,'CEPILLO DE ACERO','-','PIEZA','1/495',0.000,1,NULL),
  (496,8,'CEPILLO DE CARPINTERIA','-','PIEZA','8/496',0.000,1,NULL),
  (497,9,'CEPILLO DENTAL','-','PIEZA','9/497',0.000,1,NULL),
  (498,21,'CEPILLOS DE PLASTICO','-','PIEZA','21/498',15.000,1,NULL),
  (499,21,'CERA PARA LUSTRAR PISOS','-','LATA','21/499',19.000,1,NULL),
  (500,10,'CERAMICA','-','CAJA','10/500',0.000,1,NULL);
COMMIT;

#
# Data for the `articulo` table  (LIMIT 500,500)
#

INSERT INTO `articulo` (`articulo_id`, `categoria_id`, `articulo_nombre`, `articulo_marca`, `articulo_industria`, `articulo_codigo`, `articulo_saldo`, `estado_id`, `umanejo_id`) VALUES 
  (501,10,'CERAMICA ESMALTADA','-','M2','10/501',0.000,1,NULL),
  (502,20,'CERCHA DE ARRANQUE','-','PIEZA','20/502',0.000,1,NULL),
  (503,7,'CERTIFICADOS  ','-','HOJAS','7/503',0.000,1,NULL),
  (504,7,'CERTIFICADOS DE SOLVENCIA','-','BLOCK','7/504',4.000,1,NULL),
  (505,21,'CETRO','-','PIEZA','21/505',0.000,1,NULL),
  (506,21,'CETRO','-','PIEZA','21/506',0.000,1,NULL),
  (507,21,'CHAIRA','-','PIEZA','21/507',0.000,1,NULL),
  (508,12,'CHALECOS','-','PIEZA','12/508',4.000,1,NULL),
  (509,21,'CHALECOS TERMICOS','-','PIEZA','21/509',0.000,1,NULL),
  (510,8,'CHAMARRA Y PANTALON','-','JUEGO ','8/510',0.000,1,NULL),
  (511,12,'CHAMARRAS','-','PIEZA','12/511',12.000,1,NULL),
  (512,21,'CHAMPU','-','SAQUET','21/512',0.000,1,NULL),
  (513,5,'CHAPA  DE 2 GOLPES','-','PIEZA','5/513',0.000,1,NULL),
  (514,20,'CHAPA DE CONTACTO','-','PIEZA','20/514',0.000,1,NULL),
  (515,5,'CHAPA DE ESCRITORIO','-','PIEZA','5/515',0.000,1,NULL),
  (516,20,'CHAPA DE SEGURO DE DIRECCION','-','PIEZA','20/516',0.000,1,NULL),
  (517,5,'CHAPA ORIGINALES (TRES GOLPES)','-','PIEZA','5/517',0.000,1,NULL),
  (518,20,'CHAPALETAS','-','-','20/518',0.000,1,NULL),
  (519,5,'CHAPAS INTERIOR PAPAIS ','-','PIEZA','5/519',0.000,1,NULL),
  (520,20,'CHARNELLAS','-','PIEZA','20/520',0.000,1,NULL),
  (521,21,'CHAROLAS','-','-','21/521',0.000,1,NULL),
  (522,9,'CHATAS CROMADAS ADULTOS','-','-','9/522',0.000,1,NULL),
  (523,20,'CHAVETA','-','PIEZA','20/523',0.000,1,NULL),
  (524,20,'CHICHARRAS DE FRENO ','-','PIEZA','20/524',0.000,1,NULL),
  (525,20,'CHICLES PARA CARBURADORES','-','-','20/525',0.000,1,NULL),
  (526,2,'CHICOTILLOS','-','PIEZA','2/526',0.000,1,NULL),
  (527,20,'CHICOTILLOS','-','PIEZA','20/527',0.000,1,NULL),
  (528,21,'CHIMENEA','-','-','21/528',0.000,1,NULL),
  (529,11,'CHINCHES','-','CAJITAS','11/529',45.000,1,NULL),
  (530,13,'CHISPAS','-','-','13/530',0.000,1,NULL),
  (531,12,'CHOFAS','-','-','12/531',0.000,1,NULL),
  (532,2,'CHUPADORAS ','-','-','2/532',0.000,1,NULL),
  (533,15,'CHUPETE MONO','-','PIEZA','15/533',0.000,1,NULL),
  (534,15,'CHUPETE PEQUEÑO MONO','-','PIEZA','15/534',0.000,1,NULL),
  (535,15,'CHUPETE PEQUEÑO STEREO','-','PIEZA','15/535',0.000,1,NULL),
  (536,15,'CHUPETE RCA STEREO METALICO','-','PIEZA','15/536',0.000,1,NULL),
  (537,15,'CHUPETE STEREO','-','PEIZA','15/537',0.000,1,NULL),
  (538,20,'CILINDRO AUXILIAR','-','-','20/538',0.000,1,NULL),
  (539,20,'CILINDRO DE BOPMBA DE FRENO','-','-','20/539',0.000,1,NULL),
  (540,20,'CILINDRO DE EMBRAGUE','-','PIEZA','20/540',0.000,1,NULL),
  (541,8,'CINCEL','-','PIEZA','8/541',0.000,1,NULL),
  (542,8,'CINCELES','-','JUEGO','8/542',0.000,1,NULL),
  (543,21,'CINTA ADHESIVA','-','PIEZA','21/543',0.000,1,NULL),
  (544,15,'CINTA AISLANTE','-','PIEZA','15/544',140.000,1,NULL),
  (545,15,'CINTA BANDA','-','METROS','15/545',0.000,1,NULL),
  (546,15,'CINTA CAMBRAY','-','-','15/546',0.000,1,NULL),
  (547,21,'CINTA DE AGUA','-','ROLLOS','21/547',0.000,1,NULL),
  (548,11,'CINTA DE EMBALAJE','-','ROLLO','11/548',85.000,1,NULL),
  (549,21,'CINTA DE EMBALAJE GRANDE DE 200 YARDAS','-','ROLLO','21/549',0.000,1,NULL),
  (550,11,'CINTA DE EMBALAJE MEDIANA DE 100 YARDAS','-','ROLLO','11/550',0.000,1,NULL),
  (551,11,'CINTA DE EMBALAJE REFLECTIVA','-','ROLLO','11/551',0.000,1,NULL),
  (552,11,'CINTA DE IMPRESORA LQ 2090 ORIGINAL','EPSON','PIEZA','11/552',0.000,1,NULL),
  (553,21,'CINTA DE TELA','-','ROLLOS','21/553',0.000,1,NULL),
  (554,11,'CINTA EPSON LX-300 ORIGINALES','EPSON','PIEZA','11/554',0.000,1,NULL),
  (555,11,'CINTA IMPRESORA LQ 590 ORIGINAL','-','PIEZA','11/555',4.000,1,NULL),
  (556,11,'CINTA PARA IMPRESORA CANON BJ 250','-','PIEZA','11/556',0.000,1,NULL),
  (557,12,'CINTA PARA IMPRESORA FX 2190','-','PIEZA','12/557',0.000,1,NULL),
  (558,11,'CINTA PARA IMPRESORA LQ 1070','-','PIEZA','11/558',8.000,1,NULL),
  (559,11,'CINTA PARA IMPRESORA LQ 2070','-','PIEZA','11/559',0.000,1,NULL),
  (560,11,'CINTA PARA IMPRESORA LQ 2080','-','PIEZA','11/560',0.000,1,NULL),
  (561,11,'CINTA PARA IMPRESORA LQ 2080 ORIGINAL','-','PIEZA','11/561',0.000,1,NULL),
  (562,11,'CINTA PARA IMPRESORA LQ 2090','EPSON','PIEZA','11/562',10.000,1,NULL),
  (563,11,'CINTA PARA IMPRESORA LQ 570','-','PIEZA','11/563',14.000,1,NULL),
  (564,11,'CINTA PARA IMPRESORA LQ 590','-','PIEZA','11/564',25.000,1,NULL),
  (565,11,'CINTA PARA IMPRESORA LX 300','-','PIEZA','11/565',6.000,1,NULL),
  (566,11,'CINTA PARA MAQUINA DE ESCRIBIR','-','PIEZA','11/566',22.000,1,NULL),
  (567,21,'CINTA RIBONE ','-','PIEZA','21/567',0.000,1,NULL),
  (568,1,'CINTA SUPER VHS','-','-','1/568',0.000,1,NULL),
  (569,21,'CINTA VINIL','-','PIEZA','21/569',0.000,1,NULL),
  (570,1,'CINTAS CASSETTES DE 8MM.','-','PIEZA','1/570',0.000,1,NULL),
  (571,11,'CINTAS DE MINI DVC','SONNY','PIEZA','11/571',85.000,1,NULL),
  (572,12,'CINTURON DE SEGURIDAD','-','PIEZA','12/572',0.000,1,NULL),
  (573,1,'CINTURON PARA LAMPARA','-','PIEZA','1/573',0.000,1,NULL),
  (574,8,'CINTURON TALABARTE','-','PIEZA','8/574',0.000,1,NULL),
  (575,16,'CIPETRIN','-','-','16/575',0.000,1,NULL),
  (576,15,'CIRCUITO INTEGRADO','-','-','15/576',0.000,1,NULL),
  (577,7,'CITACIONES DEFENSORIA','-','BLOCK','7/577',3.000,1,NULL),
  (578,7,'CITACIONES SLIM','-','BLOCK','7/578',0.000,1,NULL),
  (579,3,'CLAVIJOS','-','PIEZA','3/579',2.000,1,NULL),
  (580,3,'CLAVO  DE 5\"','-','KILO','3/580',0.000,1,NULL),
  (581,3,'CLAVO  DE 6\"','-','KILO','3/581',0.000,1,NULL),
  (582,3,'CLAVO DE  2 1/2','-','KILO','3/582',0.000,1,NULL),
  (583,3,'CLAVO DE 1','-','KILO','3/583',2.000,1,NULL),
  (584,10,'CLAVO DE 1 1/2','-','KILO','10/584',0.000,1,NULL),
  (585,3,'CLAVO DE 2\"','-','KILO','3/585',0.000,1,NULL),
  (586,3,'CLAVO DE 3\"','-','KILO','3/586',3.000,1,NULL),
  (587,3,'CLAVO DE 4\"','-','KILOS','3/587',0.000,1,NULL),
  (588,3,'CLAVO DE CALAMINA','-','KILO','3/588',0.000,1,NULL),
  (589,3,'CLAVO PARA VIDRIO','-','KILO','3/589',0.000,1,NULL),
  (590,10,'CLAVOS  DE 3 1/2\"','-','KILO','10/590',0.000,1,NULL),
  (591,10,'CLEFA','-','LITRO','10/591',0.000,1,NULL),
  (592,11,'CLIPS','-','CAJA','11/592',142.000,1,NULL),
  (593,11,'CLIPS T/ GRANDE','-','CAJA','11/593',27.000,1,NULL),
  (594,20,'COBERTOR DE TABLERO AUTOMOTOR','-','PIEZA','20/594',0.000,1,NULL),
  (595,1,'COBERTORES PARA COMPUTADORAS','-','JUEGO','1/595',0.000,1,NULL),
  (596,21,'COCINAS EN GENERAL','-','PIEZA','21/596',0.000,1,NULL),
  (597,21,'CODIFICADOR','-','-','21/597',0.000,1,NULL),
  (598,2,'CODOS 2\" DE PVC','-','PIEZA','2/598',0.000,1,NULL),
  (599,2,'CODOS FG 1 1/2\"','-','PIEZA','2/599',10.000,1,NULL),
  (600,2,'CODOS FG 1/2','-','PIEZA','2/600',170.000,1,NULL),
  (601,2,'CODOS FG 2\"','-','PIEZA','2/601',0.000,1,NULL),
  (602,2,'CODOS FG 4\"','-','PIEZA','2/602',0.000,1,NULL),
  (603,2,'CODOS FG DE 1','-','PIEZA','2/603',0.000,1,NULL),
  (604,2,'CODOS PVC  1/2','-','PIEZA','2/604',0.000,1,NULL),
  (605,2,'CODOS PVC 1','-','PIEZA','2/605',0.000,1,NULL),
  (606,2,'CODOS PVC 3/4','-','PIEZA','2/606',0.000,1,NULL),
  (607,2,'CODOS PVC 4\"','-','PIEZA','2/607',0.000,1,NULL),
  (608,2,'CODOS PVC 5/8','-','PIEZA','2/608',0.000,1,NULL),
  (609,2,'CODOS PVC DE 3\"','-','PIEZA','2/609',0.000,1,NULL),
  (610,21,'COJINES','-','-','21/610',0.000,1,NULL),
  (611,20,'COJINETES DE  BIELA','-','JUEGO','20/611',0.000,1,NULL),
  (612,20,'COJINETES DE BANCADA','-','JUEGO','20/612',0.000,1,NULL),
  (613,19,'COLA DE CARPINTERIA','-','KILO','19/613',0.000,1,NULL),
  (614,10,'COLA DE MADERA','-','-','10/614',0.000,1,NULL),
  (615,21,'COLADERA','-','-','21/615',0.000,1,NULL),
  (616,8,'COLADORA ELECTRONICA PORTATIL','-','-','8/616',0.000,1,NULL),
  (617,2,'COLADORES(SUMIDORES)','-','PIEZA','2/617',0.000,1,NULL),
  (618,21,'COLCHONES DE LANA Y ESPONJA','-','PIEZA','21/618',0.000,1,NULL),
  (619,23,'COLCHONETAS DEPORTIVAS','-','PIEZA','23/619',0.000,1,NULL),
  (620,12,'COLETO DE CUERO PARA SOLDAR','-','PIEZA','12/620',2.000,1,NULL),
  (621,17,'COLGADORES PERCHEROS','-','PIEZA','17/621',0.000,1,NULL),
  (622,2,'COLLARINES ','-','PIEZA','2/622',0.000,1,NULL),
  (623,21,'COLORANTE VEGETAL','-','SOBRECITOS ','21/623',0.000,1,NULL),
  (624,8,'COMBOS','-','PIEZA','8/624',0.000,1,NULL),
  (625,1,'COMPACTERA NUMARK','-','PIEZA','1/625',0.000,1,NULL),
  (626,7,'COMPARENDO DE INTENDENCIA','-','BLOCK','7/626',7.000,1,NULL),
  (627,7,'COMPARENDO EE.','-','BLOCK','7/627',0.000,1,NULL),
  (628,7,'COMPARENDO OBRAS PUBLICAS','-','BLOCK','7/628',8.000,1,NULL),
  (629,7,'COMPARENDO RECAUDACIONES','-','BLOCK','7/629',0.000,1,NULL),
  (630,7,'COMPARENDO S.A. CATAVI','-','BLOCK','7/630',5.000,1,NULL),
  (631,8,'COMPÁS METALICO','-','PIEZA','8/631',0.000,1,NULL),
  (632,11,'COMPAS METALICOS','-','PIEZA','11/632',0.000,1,NULL),
  (633,1,'COMPONENTE Y MINI COMP.','-','EQUIPO','1/633',0.000,1,NULL),
  (634,8,'COMPRESIMETRO','-','-','8/634',0.000,1,NULL),
  (635,8,'COMPRESORA','-','MAQUINA','8/635',0.000,1,NULL),
  (636,7,'COMPROBANTE DE CAJA','-','BLOCK','7/636',0.000,1,NULL),
  (637,7,'COMPROBANTE DE UNICEF.','-','-','7/637',0.000,1,NULL),
  (638,7,'COMPROBANTES DE CONTABILIDAD','-','BLOCK','7/638',1.000,1,NULL),
  (639,7,'COMPROBANTES DE EGRESO','-','-','7/639',0.000,1,NULL),
  (640,7,'COMPROBANTES DE INGRESO','-','BLOCK','7/640',0.000,1,NULL),
  (641,1,'COMPUTADORA PORTATIL','-','PIEZA','1/641',0.000,1,NULL),
  (642,1,'COMPUTADORAS','-','EQUIPO','1/642',0.000,1,NULL),
  (643,7,'COMUNICACION INTERNA','-','BLOCK','7/643',0.000,1,NULL),
  (644,7,'COMUNICACIÓN INTERNA CONSEJO MUNICIPAL','-','-','7/644',0.000,1,NULL),
  (645,20,'CONDENSADOR','-','-','20/645',0.000,1,NULL),
  (646,15,'CONDENSADOR','-','PIEZA','15/646',0.000,1,NULL),
  (647,15,'CONECTOR','-','PIEZA','15/647',0.000,1,NULL),
  (648,8,'CONECTOR PARA ARCO','-','PAR','8/648',0.000,1,NULL),
  (649,1,'CONFIGURACIÓN DE RED,TERMINAL Y SEVIDOR','-','-','1/649',0.000,1,NULL),
  (650,12,'CONOS DE SEGURIDAD GRANDES','-','PIEZA','12/650',0.000,1,NULL),
  (651,12,'CONOS DE SEGURIDAD MEDIANOS','-','PIEZA','12/651',25.000,1,NULL),
  (652,21,'CONOS DEPORTIVOS','-','PIEZA','21/652',0.000,1,NULL),
  (653,21,'CONSERVADORAS','-','-','21/653',0.000,1,NULL),
  (654,1,'CONSOLA DE AUDIO P'' AMPLIFICACIÓN/ESTUDIO','-','EQUIPO','1/654',0.000,1,NULL),
  (655,15,'CONTACTOR DE 220 V.','-','PIEZA','15/655',0.000,1,NULL),
  (656,8,'CONTENEDOR','-','-','8/656',0.000,1,NULL),
  (657,15,'CONTRATUERCA GALVANIZADA','-','PIEZA','15/657',0.000,1,NULL),
  (658,7,'CONTROL DIARIO CANAL 6','-','BLOCK','7/658',3.000,1,NULL),
  (659,7,'CONTROL DIARIO INGRESO BALNEARIOS','-','BLOCK','7/659',16.000,1,NULL),
  (660,7,'CONTROL DIARIO PEAJES','-','BLOCK','7/660',0.000,1,NULL),
  (661,7,'CONTROL DIARIO SENTAJES','-','BLOCK','7/661',1.000,1,NULL),
  (662,7,'CONTROL DIARIO TERMINAL DE BUSES','-','BLOCK','7/662',5.000,1,NULL),
  (663,7,'CONTROL DIARIO USO CARRIL Y VEHICULO','-','TLNRIO','7/663',8.000,1,NULL),
  (664,7,'CONTROL DIARIO USO MINGITORIO TERMINAL','-','TLNRIO','7/664',10.000,1,NULL),
  (665,1,'CONVERTIDOR DE PUERTO USB','-','PIEZA','1/665',0.000,1,NULL),
  (666,21,'COPAS DE CRISTAL,DE PLASTICO Y DESECHABLES','-','-','21/666',0.000,1,NULL),
  (667,1,'COPIADOR DE DVD','-','PIEZA','1/667',0.000,1,NULL),
  (668,2,'COPLA DE PVC','-','PIEZA','2/668',0.000,1,NULL),
  (669,2,'COPLAS FG 1','-','PIEZA','2/669',5.000,1,NULL),
  (670,2,'COPLAS FG 1 1/2','-','PIEZA','2/670',10.000,1,NULL),
  (671,2,'COPLAS FG 1/2','-','PIEZA','2/671',50.000,1,NULL),
  (672,2,'COPLAS FG 2','-','PIEZA','2/672',10.000,1,NULL),
  (673,2,'COPLAS PVC DE 1/2','-','PIEZA','2/673',0.000,1,NULL),
  (674,2,'COPLAS PVC DE 3/4','-','PIEZA','2/674',0.000,1,NULL),
  (675,15,'CORBATIN','-','-','15/675',0.000,1,NULL),
  (676,20,'CORCHO DE PLANCHA','-','PIEZA','20/676',0.000,1,NULL),
  (677,15,'CORDON BLANCO DE DIFERENTES MEDIDAS','-','METRO','15/677',110.000,1,NULL),
  (678,8,'CORDON TRENZADO P'' PODADORA','-','-','8/678',0.000,1,NULL),
  (679,21,'CORONA','-','PIEZA','21/679',0.000,1,NULL),
  (680,20,'CORREA','-','PIEZA','20/680',0.000,1,NULL),
  (681,20,'CORREA PARA MOTOR','-','PIEZA','20/681',0.000,1,NULL),
  (682,11,'CORRECTOR EN CINTA','-','PIEZA','11/682',17.000,1,NULL),
  (683,11,'CORRECTOR EN CINTA GRANDE UHU','-','PIEZA','11/683',0.000,1,NULL),
  (684,8,'CORTA CERAMICA','-','PIEZA','8/684',0.000,1,NULL),
  (685,8,'CORTA PLASTOFOFORMO','-','-','8/685',0.000,1,NULL),
  (686,15,'CORTAPICO','-','PIEZA','15/686',1.000,1,NULL),
  (687,21,'CORTINAS','-','PIEZA','21/687',0.000,1,NULL),
  (688,1,'CPU ','-','EQUIPO','1/688',0.000,1,NULL),
  (689,11,'CRAYONS','-','CAJA','11/689',0.000,1,NULL),
  (690,7,'CREDENCIALES','-','PIEZA','7/690',0.000,1,NULL),
  (691,21,'CREMA DE QUEMADURAS','-','-','21/691',0.000,1,NULL),
  (692,21,'CREOLINA O CRESSO','-','Lts.','21/692',0.000,1,NULL),
  (693,8,'CRONOMETRO DEPORTIVO','-','PIEZA','8/693',0.000,1,NULL),
  (694,1,'CROSS OVER','-','-','1/694',0.000,1,NULL),
  (695,15,'CRUCETAS','-','PIEZA','15/695',0.000,1,NULL),
  (696,20,'CRUCETAS VARIAS','-','PIEZA','20/696',3.000,1,NULL),
  (697,2,'CRUZ FG ','-','-','2/697',0.000,1,NULL),
  (698,21,'CRUZ PARA ESTANDARTE','-','PIEZA','21/698',0.000,1,NULL),
  (699,2,'CRUZ PVC ','-','-','2/699',0.000,1,NULL),
  (700,9,'CRUZADAS DE 90 X 60','-','-','9/700',0.000,1,NULL),
  (701,11,'CUADERNILLOS T/O','-','PIEZA','11/701',0.000,1,NULL),
  (702,11,'CUADERNO ','-','PIEZA','11/702',0.000,1,NULL),
  (703,11,'CUADERNO  CON ESPIRAL T/OFICIO','-','PIEZA','11/703',13.000,1,NULL),
  (704,11,'CUADERNO C/ESPIRAL DE HJS 200','-','PIEZA','11/704',0.000,1,NULL),
  (705,11,'CUADERNO CON ESPIRAL DE 100 HJS','-','PIEZA','11/705',51.000,1,NULL),
  (706,11,'CUADERNO CON ESPIRAL T/CARTA','-','PIEZA','11/706',20.000,1,NULL),
  (707,11,'CUADERNO CORRIENTES ','-','PIEZA','11/707',10.000,1,NULL),
  (708,11,'CUADERNO CORRIENTES DE 50 HJS','-','PIEZA','11/708',0.000,1,NULL),
  (709,11,'CUADERNO DE 20 HOJAS','-','PIEZA','11/709',0.000,1,NULL),
  (710,11,'CUADERNO EMPASTADO T/CARTA ','-','PIEZA','11/710',17.000,1,NULL),
  (711,11,'CUADERNO EMPASTADOS DE 100 HJS','-','PIEZA','11/711',32.000,1,NULL),
  (712,11,'CUADERNO EMPASTADOS T/OFICIO','-','PIEZA','11/712',0.000,1,NULL),
  (713,11,'CUADERNO T 1/2 OFICIO CON ESPIRAL/ARTESANAL','-','PIEZA','11/713',0.000,1,NULL),
  (714,20,'CUBETAS','-','-','20/714',0.000,1,NULL),
  (715,9,'CUBRE CAMAS VARIOS','-','-','9/715',0.000,1,NULL),
  (716,21,'CUCHARAS - CUCHARILLAS','-','PIEZA','21/716',0.000,1,NULL),
  (717,15,'CUCHILLA MONOFASICA','-','PIEZA','15/717',0.000,1,NULL),
  (718,15,'CUCHILLA TRIFASICA','-','PIEZA','15/718',0.000,1,NULL),
  (719,20,'CUCHILLAS P'' MOTONIVELADORA','-','PIEZA','20/719',0.000,1,NULL),
  (720,8,'CUCHILLOS CURVOS','-','PIEZA','8/720',0.000,1,NULL),
  (721,21,'CUCHILLOS DE COCINA','-','PIEZA','21/721',0.000,1,NULL),
  (722,21,'CUCHILLOS DE MESA','-','PIEZA','21/722',0.000,1,NULL),
  (723,2,'CUELLAR ','-','-','2/723',0.000,1,NULL),
  (724,23,'CUENTOS','-','PIEZA','23/724',0.000,1,NULL),
  (725,21,'CUERDA DE RAQUET HEAD','-','ROLLO','21/725',0.000,1,NULL),
  (726,21,'CUEROS DE RES','-','-','21/726',0.000,1,NULL),
  (727,10,'CUMBRERAS','-','-','10/727',0.000,1,NULL),
  (728,8,'CURBINAS','-','PIEZA','8/728',0.000,1,NULL),
  (729,9,'CURITAS','-','CAJA','9/729',0.000,1,NULL),
  (730,20,'DADOS Y TETONES DE DIRECCION','-','JUEGO','20/730',0.000,1,NULL),
  (731,1,'DATA DISPLAY','-','EQUIPO','1/731',0.000,1,NULL),
  (732,1,'DECTOLINK','-','-','1/732',0.000,1,NULL),
  (733,20,'DEPOSITO DE AGUA','-','-','20/733',0.000,1,NULL),
  (734,7,'DERECHO DE PARQUEO BS. 2,00','-','TLNRIO','7/734',650.000,1,NULL),
  (735,7,'DERECHO DE PARQUEO BS. 3,00','-','TLNRIO','7/735',1970.000,1,NULL),
  (736,7,'DERECHO DE PUESTO BS. 1,50','-','TLNRIO','7/736',930.000,1,NULL),
  (737,7,'DERECHO PARQUEO AREAS PUBLICAS ','-','BLOCK','7/737',0.000,1,NULL),
  (738,8,'DESARMADOR ESTRELLA','-','PIEZA','8/738',0.000,1,NULL),
  (739,8,'DESARMADOR PLANO','-','PIEZA','8/739',0.000,1,NULL),
  (740,8,'DESARMADORES','-','JUEGO','8/740',0.000,1,NULL),
  (741,2,'DESEGRASADORES','-','-','2/741',0.000,1,NULL),
  (742,21,'DESINFECTANTE','-','LITRO','21/742',0.000,1,NULL),
  (743,7,'DESPACHO DE LUBRICANTES ','-','BLOCK','7/743',4.000,1,NULL),
  (744,7,'DESPACHO DE MATERIALESINTERNO DE ALMACEN','-','-','7/744',0.000,1,NULL),
  (745,20,'DESTELLADOR ','-','PIEZA','20/745',0.000,1,NULL),
  (746,8,'DESTORNILLADORES DE GOLPE','-','JUEGO','8/746',0.000,1,NULL),
  (747,8,'DESTORNILLADORES ESTRELLA (5 PZAS)','-','JUEGO','8/747',0.000,1,NULL),
  (748,8,'DESTORNILLADORES PLANOS (5 PZAS)','-','JUEGO','8/748',0.000,1,NULL),
  (749,1,'DETECTOR DE BILLETES FALSOS','-','PIEZA','1/749',0.000,1,NULL),
  (750,21,'DETERGENTE LAVA VAJILLA','-','LITRO','21/750',0.000,1,NULL),
  (751,20,'DIAFRAGMA','-','PIEZA','20/751',0.000,1,NULL),
  (752,8,'DIAMANTE CORTA VIDRIOS','-','-','8/752',0.000,1,NULL),
  (753,4,'DIESEL OIL','-','LITRO','4/753',160.000,1,NULL),
  (754,15,'DIFERENCIALES DE UNA SALIDA','-','PIEZA','15/754',0.000,1,NULL),
  (755,16,'DINAMITA','-','PIEZA','16/755',0.000,1,NULL),
  (756,8,'DISCO DE  DESGASTE','-','PIEZA','8/756',0.000,1,NULL),
  (757,8,'DISCO DE CORTE','-','PIEZA','8/757',0.000,1,NULL),
  (758,20,'DISCO DE EMBRIAGUE','-','PIEZA','20/758',1.000,1,NULL),
  (759,20,'DISCO DE FRENO PARA RETROEXCAVADORA','-','PIEZA','20/759',0.000,1,NULL),
  (760,1,'DISCO DURO','-','PIEZA','1/760',1.000,1,NULL),
  (761,26,'DISCOS DEPORTIVOS DE MADERA DE 1 KILO','-','PIEZA','26/761',0.000,1,NULL),
  (762,26,'DISCOS DEPORTIVOS DE MADERA DE 2 KILOS','-','PIEZA','26/762',0.000,1,NULL),
  (763,13,'DISCOS DIAMANTADOS','-','PIEZA','13/763',0.000,1,NULL),
  (764,15,'DISPOSITIVO','-','-','15/764',0.000,1,NULL),
  (765,11,'DISPOSITIVO DE SISTEMA CONTINUO','-','PIEZA','11/765',0.000,1,NULL),
  (766,20,'DISPOSITIVO DE VENTILACION','-','PIEZA','20/766',0.000,1,NULL),
  (767,11,'DISQUETERA','-','PIEZA','11/767',0.000,1,NULL),
  (768,11,'DISQUETTS ','-','PIEZA','11/768',110.000,1,NULL),
  (769,15,'DISYUNTOR ','-','-','15/769',0.000,1,NULL),
  (770,20,'DRING','-','-','20/770',0.000,1,NULL),
  (771,21,'DUCHAS LORENZZETY','-','PIEZA','21/771',0.000,1,NULL),
  (772,10,'DURMIENTES','-','PIEZA','10/772',0.000,1,NULL),
  (773,11,'DVD''s','-','PIEZA','11/773',183.000,1,NULL),
  (774,11,'DVDS DOCUMENTAL','-','PIEZA','11/774',0.000,1,NULL),
  (775,11,'DVD''s REGRABABLES','-','PIEZA','11/775',270.000,1,NULL),
  (776,1,'ECUALIZADOR DE 31 BANDAS','-','PIEZA','1/776',0.000,1,NULL),
  (777,1,'EDITORA DE VIDEO','-','PIEZA','1/777',0.000,1,NULL),
  (778,8,'EJE DE CENTRO','-','-','8/778',0.000,1,NULL),
  (779,20,'EJE DE DIRECCIÓN','-','PIEZA','20/779',0.000,1,NULL),
  (780,20,'EJE SIN FIN','-','-','20/780',0.000,1,NULL),
  (781,13,'ELECTRODOS','-','KILO','13/781',15.000,1,NULL),
  (782,21,'ELECTROLITOS','-','LITRO','21/782',0.000,1,NULL),
  (783,20,'ELEMENTOS','-','PIEZA','20/783',0.000,1,NULL),
  (784,21,'EMBUDO','-','-','21/784',0.000,1,NULL),
  (785,20,'EMPAQUETADURA DE CULATA','-','PIEZA','20/785',0.000,1,NULL),
  (786,20,'EMPAQUETADURAS ','-','JGO','20/786',0.000,1,NULL),
  (787,20,'ENCENDEDOR','-','-','20/787',0.000,1,NULL),
  (788,3,'ENCHUFE DE 2 SALIDAS/PLACA','-','PIEZA','3/788',1.000,1,NULL),
  (789,15,'ENCHUFES DE PARED/PLACA','-','PIEZA','15/789',0.000,1,NULL),
  (790,20,'ENGRANAJE COMPLETO','-','PIEZA','20/790',0.000,1,NULL),
  (791,11,'ENGRAPADORA GRANDE','-','PIEZA','11/791',0.000,1,NULL),
  (792,11,'ENGRAPADORA MEDIANA','-','PIEZA','11/792',1.000,1,NULL),
  (793,20,'ENGRASADORA ','-','PIEZA','20/793',0.000,1,NULL),
  (794,10,'ENSAMBLE','-','-','10/794',0.000,1,NULL),
  (795,1,'EQUALIZADOR','-','-','1/795',0.000,1,NULL),
  (796,8,'EQUIPO DE OXIGENO COMPLETO','-','-','8/796',0.000,1,NULL),
  (797,12,'EQUIPO DE SEGURIDAD INDUSTRIAL','-','-','12/797',0.000,1,NULL),
  (798,8,'EQUIPO DE SOLDAR (ARCO)','-','EQUIPO','8/798',0.000,1,NULL),
  (799,1,'EQUIPO DE VIDEO VHS','-','EQUIPO','1/799',0.000,1,NULL),
  (800,8,'ESCALERA FIJA DE MADERA','-','-','8/800',0.000,1,NULL),
  (801,15,'ESCALERA PLEGABLE','-','PIEZA','15/801',0.000,1,NULL),
  (802,8,'ESCALERA TIPO TIJERA','-','PIEZA','8/802',0.000,1,NULL),
  (803,11,'ESCALIMETRO','-','PIEZA','11/803',0.000,1,NULL),
  (804,21,'ESCARCHAS VARIOS','-','-','21/804',0.000,1,NULL),
  (805,8,'ESCARDILLO','TRAMONTINA','PIEZA','8/805',0.000,1,NULL),
  (806,21,'ESCOBA DE PAJA BRAVA','-','PIEZA','21/806',0.000,1,NULL),
  (807,21,'ESCOBAS BRUJA','-','PIEZA','21/807',0.000,1,NULL),
  (808,21,'ESCOBAS DE PAJA ROYAL','-','PIEZA','21/808',28.000,1,NULL),
  (809,21,'ESCOBAS DE PLASTICO','-','PIEZA','21/809',45.000,1,NULL),
  (810,8,'ESCOBILLAS DE ACERO','-','-','8/810',0.000,1,NULL),
  (811,20,'ESCOBILLAS DE PARABRISAS','-','PIEZA','20/811',0.000,1,NULL),
  (812,8,'ESCOFINAS VARIOS','-','PIEZA','8/812',0.000,1,NULL),
  (813,10,'ESCOMBROS','-','VOLQUETAS','10/813',0.000,1,NULL),
  (814,17,'ESCRITORIO EJECUTIVOS DE MADERA AGLOMERADA','-','PIEZA','17/814',0.000,1,NULL),
  (815,17,'ESCRITORIO METALICOS','-','PIEZA','17/815',0.000,1,NULL),
  (816,17,'ESCRITORIOS DE MADERA ','-','PIEZA','17/816',0.000,1,NULL),
  (817,8,'ESCUADRA METALICO','-','PIEZA','8/817',0.000,1,NULL),
  (818,11,'ESCUADRAS','-','PIEZA','11/818',0.000,1,NULL),
  (819,8,'ESMERIL','-','PIEZA','8/819',0.000,1,NULL),
  (820,8,'ESPADILLAS','-','-','8/820',0.000,1,NULL),
  (821,20,'ESPALDARES','-','PIEZA','20/821',0.000,1,NULL),
  (822,9,'ESPARADROPO','-','-','9/822',0.000,1,NULL),
  (823,21,'ESPARCIADORES DE AGUA','-','-','21/823',0.000,1,NULL),
  (824,9,'ESPATULA GROVER GRANDE','-','-','9/824',0.000,1,NULL),
  (825,8,'ESPATULAS','-','PIEZA','8/825',0.000,1,NULL),
  (826,8,'ESPAUSER','-','-','8/826',0.000,1,NULL),
  (827,14,'ESPEJOS','-','PIEZA','14/827',0.000,1,NULL),
  (828,1,'ESPICORS','-','PIEZA','1/828',0.000,1,NULL),
  (829,1,'ESPICORS PARA PARLANTES','-','PIEZA','1/829',0.000,1,NULL),
  (830,15,'ESPIGA PARA AISLADORES Y CRUCETAS','-','PIEZA','15/830',0.000,1,NULL),
  (831,20,'ESPIRALES DE AUTOMOTORES','-','PIEZA','20/831',0.000,1,NULL),
  (832,11,'ESPIRALES DE ENCUADERNADOS ','-','PIEZA','11/832',0.000,1,NULL),
  (833,21,'ESPONJA','-','PIEZA','21/833',0.000,1,NULL),
  (834,8,'ESPONJEADOR','-','-','8/834',0.000,1,NULL),
  (835,8,'ESPOSAS','-','-','8/835',0.000,1,NULL),
  (836,21,'ESPUMADERAS','-','-','21/836',0.000,1,NULL),
  (837,23,'ESQUELETO SINTETICO','-','PIEZA','23/837',1.000,1,NULL),
  (838,20,'ESTABILIZADORES DE AUTOMOVILES','-','PIEZA','20/838',0.000,1,NULL),
  (839,10,'ESTACAS DE MADERA','-','PIEZA','10/839',0.000,1,NULL),
  (840,21,'ESTANDARTE CIVICO','-','PIEZA','21/840',0.000,1,NULL),
  (841,17,'ESTANTE DE FARMACIA','-','PIEZA','17/841',0.000,1,NULL),
  (842,17,'ESTANTE DE MADERA','-','PIEZA','17/842',0.000,1,NULL),
  (843,17,'ESTANTE METALICO','-','PIEZA','17/843',0.000,1,NULL),
  (844,13,'ESTAÑO PARA SOLDAR','-','PIEZA','13/844',0.000,1,NULL),
  (845,9,'ESTETOSCOPIO PIÑAR','-','-','9/845',0.000,1,NULL),
  (846,11,'ESTILETES','-','PIEZA','11/846',63.000,1,NULL),
  (847,11,'ESTILOGRAFOS','-','PIEZA','11/847',0.000,1,NULL),
  (848,8,'ESTRACTORES (3 PIEZAS)','-','JUEGO','8/848',0.000,1,NULL),
  (849,21,'ESTRICNINA','-','-','21/849',0.000,1,NULL),
  (850,21,'ESTUCHE DE CAMARA FOTOGRAFICAS','-','PIEZA','21/850',0.000,1,NULL),
  (851,8,'ESTUCHE DE DADOS','-','-','8/851',0.000,1,NULL),
  (852,11,'ESTUCHE GEOMETRICO','-','JUEGO','11/852',0.000,1,NULL),
  (853,23,'ESTUCHO GEOMETRICO DE PIZARRA','-','JUEGO','23/853',0.000,1,NULL),
  (854,10,'ESTUCO','-','BOLSA','10/854',0.000,1,NULL),
  (855,15,'ESTUFA ELECTRICA','-','PIEZA','15/855',0.000,1,NULL),
  (856,9,'ESTUFA ESTERILIZADOR','-','-','9/856',0.000,1,NULL),
  (857,4,'ETER','-','-','4/857',0.000,1,NULL),
  (858,10,'EXFOLIADOR','-','PIEZA','10/858',0.000,1,NULL),
  (859,7,'EXPEDIENTES','-','HOJAS','7/859',600.000,1,NULL),
  (860,16,'EXPLOSIVOS COMPLETOS','-','PIEZA','16/860',0.000,1,NULL),
  (861,15,'EXTENSOR ROBACORRIENTES','-','PIEZA','15/861',0.000,1,NULL),
  (862,20,'EXTINGUIDOR','-','PZA','20/862',0.000,1,NULL),
  (863,7,'FACTURA ALQUILERES','-','TALONARIOS','7/863',0.000,1,NULL),
  (864,7,'FACTURAS CANAL 6','-','BLOCK','7/864',0.000,1,NULL),
  (865,7,'FACTURAS DE ENERGIA ELECTRICA','-','BLOCK','7/865',0.000,1,NULL),
  (866,20,'FAROLES','-','PIEZA','20/866',0.000,1,NULL),
  (867,11,'FECHADORES MANUAL','-','PIEZA','11/867',0.000,1,NULL),
  (868,11,'FECHERO','-','PIEZA','11/868',0.000,1,NULL),
  (869,21,'FIBRA (RELLENO)','-','KILO','21/869',0.000,1,NULL),
  (870,21,'FIBRA DE POLITILENO','-','METROS','21/870',0.000,1,NULL),
  (871,7,'FICHAS DE LLAMADAS TELEFONICAS','-','-','7/871',0.000,1,NULL),
  (872,7,'FICHAS DE SEGURO MEDICO GRATUITO','-','PIEZA','7/872',0.000,1,NULL),
  (873,21,'FIDEO','-','BOLSA','21/873',0.000,1,NULL),
  (874,6,'FIERRO 1/2','-','BARRA','6/874',26.000,1,NULL),
  (875,6,'FIERRO 3/8','-','BARRA','6/875',0.000,1,NULL),
  (876,10,'FIERRO 5/8','-','BARRA','10/876',0.000,1,NULL),
  (877,6,'FIERRO ANGULAR DE 1 1/5','-','BARRA','6/877',0.000,1,NULL),
  (878,6,'FIERRO CORRUGADO 5/16','-','BARRA','6/878',0.000,1,NULL),
  (879,10,'FIERRO CORRUGADO DE 5/8','-','BARRA','10/879',0.000,1,NULL),
  (880,6,'FIERRO DE 1/4','-','BARRA','6/880',0.000,1,NULL),
  (881,6,'FIERRO DE 1/8','-','BARRA','6/881',0.000,1,NULL),
  (882,10,'FIERRO GALVANIZADO','-','BARRA','10/882',0.000,1,NULL),
  (883,6,'FIERRO PLATINO  ','-','BARRA','6/883',0.000,1,NULL),
  (884,6,'FIERRO REDONDO LIZO ','-','BARRA','6/884',0.000,1,NULL),
  (885,6,'FIERRO T','-','BARRA','6/885',0.000,1,NULL),
  (886,20,'FILTRO','-','PIEZA','20/886',0.000,1,NULL),
  (887,20,'FILTRO DADOS','-','-','20/887',0.000,1,NULL),
  (888,20,'FILTRO DE ACEITE','-','PIEZA','20/888',2.000,1,NULL),
  (889,20,'FILTRO DE AIRE','-','PIEZA','20/889',0.000,1,NULL),
  (890,20,'FILTRO DE COMBUSTIBLE','-','PIEZA','20/890',1.000,1,NULL),
  (891,20,'FILTRO DE DIESEL','-','PIEZA','20/891',0.000,1,NULL),
  (892,20,'FILTRO DE DIRECCIÓN','-','PIEZA','20/892',0.000,1,NULL),
  (893,1,'FILTRO ESPECIAL DE VIDEO','-','PIEZA','1/893',0.000,1,NULL),
  (894,20,'FILTRO HIDRAULICO','-','PIEZA','20/894',0.000,1,NULL),
  (895,1,'FILTRO PARA MONITOR','-','PIEZA','1/895',0.000,1,NULL),
  (896,12,'FILTRO PARA PULMOSAN','-','PIEZA','12/896',0.000,1,NULL),
  (897,20,'FILTROS DE GASOLINA ','-','PIEZA','20/897',0.000,1,NULL),
  (898,20,'FLACHER DE GUIÑADORES','-','PIEZA','20/898',0.000,1,NULL),
  (899,9,'FLAMAR','-','-','9/899',0.000,1,NULL),
  (900,1,'FLASCHS DESCK','-','-','1/900',0.000,1,NULL),
  (901,1,'FLASH MEMORI','-','PIEZA','1/901',0.000,1,NULL),
  (902,1,'FLAY BAC PARA TV.','-','PIEZA','1/902',0.000,1,NULL),
  (903,20,'FLECHAR DE 12 W','-','-','20/903',0.000,1,NULL),
  (904,8,'FLEXOMETRO DE 10  METROS','-','PIEZA','8/904',0.000,1,NULL),
  (905,8,'FLEXOMETRO DE 5 METROS','-','PIEZA','8/905',1.000,1,NULL),
  (906,8,'FLEXOMETROS DE 7 METROS','-','PIEZA','8/906',0.000,1,NULL),
  (907,11,'FLIPPERS T/CARTA','-','PIEZA','11/907',0.000,1,NULL),
  (908,11,'FLIPPERS T/OFICIO','-','PIEZA','11/908',0.000,1,NULL),
  (909,1,'FLOOPY PARA DRIVE','-','PIEZA','1/909',0.000,1,NULL),
  (910,2,'FLOTADOR','-','PIEZA','2/910',0.000,1,NULL),
  (911,21,'FLOTADORES','-','PIEZA','21/911',0.000,1,NULL),
  (912,21,'FLOTADORES DE PIE','-','PIEZA','21/912',0.000,1,NULL),
  (913,7,'FLUJO DE CORRESPONDENCIA','-','HOJA','7/913',0.000,1,NULL),
  (914,15,'FOCOS  DE LAMPARA ','-','PIEZA','15/914',0.000,1,NULL),
  (915,15,'FOCOS  DE LUZ BLANCA','-','PIEZA','15/915',75.000,1,NULL),
  (916,15,'FOCOS A MERCURIO ','-','PIEZA','15/916',0.000,1,NULL),
  (917,15,'FOCOS ALCALINA DE 40 W.','-','PIEZA','15/917',0.000,1,NULL),
  (918,15,'FOCOS AP SODIO 400 W','-','PIEZA','15/918',0.000,1,NULL),
  (919,20,'FOCOS DE  INTERIOR','-','PIEZA','20/919',0.000,1,NULL),
  (920,15,'FOCOS DE  LINTERNA','-','-','15/920',0.000,1,NULL),
  (921,15,'FOCOS DE 100 WATTS','-','PIEZA','15/921',61.000,1,NULL),
  (922,11,'FOCOS DE 200 WATTS','-','PIEZA','11/922',0.000,1,NULL),
  (923,15,'FOCOS DE 250 SODIO W.','-','PIEZA','15/923',0.000,1,NULL),
  (924,15,'FOCOS DE 40 WATTS','-','PIEZAS','15/924',0.000,1,NULL),
  (925,15,'FOCOS DE 60 WATTS','-','PIEZA','15/925',0.000,1,NULL),
  (926,15,'FOCOS DE 80 WATTS','-','PIEZA','15/926',0.000,1,NULL),
  (927,15,'FOCOS DE COLORES ','-','PIEZA','15/927',0.000,1,NULL),
  (928,20,'FOCOS DE CONTACTO','-','-','20/928',0.000,1,NULL),
  (929,15,'FOCOS DE HALURO','-','PIEZA','15/929',3.000,1,NULL),
  (930,15,'FOCOS DE MERCURIO ','-','PIEZA','15/930',0.000,1,NULL),
  (931,15,'FOCOS DE SODIO DE 70 W.','-','PIEZA','15/931',0.000,1,NULL),
  (932,20,'FOCOS MEDIA LUZ','-','PIEZA','20/932',0.000,1,NULL),
  (933,20,'FOCOS P'' GUIÑADORES','-','-','20/933',0.000,1,NULL),
  (934,9,'FOESTER CURVO 25 CM.','-','-','9/934',0.000,1,NULL),
  (935,11,'FOLDER AMARILLOS T/CARTA','-','PIEZA','11/935',0.000,1,NULL),
  (936,11,'FOLDERS AMARILLOS','-','PIEZA','11/936',1057.000,1,NULL),
  (937,11,'FOLDERS COLGANTES C/PESTAÑAS','-','PIEZA','11/937',0.000,1,NULL),
  (938,7,'FOLDERS DE REGISTRO MUNICIPAL','-','PIEZA','7/938',950.000,1,NULL),
  (939,7,'FOLDERS PARA HONORES','-','PIEZA','7/939',0.000,1,NULL),
  (940,10,'FOLEADORES AUTOMATICO','-','PIEZA','10/940',0.000,1,NULL),
  (941,11,'FOLEADORES MANUALES','-','PIEZA','11/941',0.000,1,NULL),
  (942,21,'FOLIDOL (ABONO FOLIAR)','-','LITRO','21/942',0.000,1,NULL),
  (943,9,'FONODOSCOPIO','-','-','9/943',0.000,1,NULL),
  (944,15,'FOQUITOS NAVIDEÑOS','-','-','15/944',0.000,1,NULL),
  (945,9,'FORCEPS KILLIAM','-','-','9/945',0.000,1,NULL),
  (946,8,'FORMONES VARIOS ','-','JUEGO','8/946',0.000,1,NULL),
  (947,7,'FORMULARIO  UNICO DE ATENCION','-','HOJAS','7/947',0.000,1,NULL),
  (948,7,'FORMULARIO 0,27','-','HOJA','7/948',0.000,1,NULL),
  (949,7,'FORMULARIO 0,28','-','-','7/949',0.000,1,NULL),
  (950,7,'FORMULARIO 19 DD.JJ. ACTIVIDADES ECONOMICAS','-','HOJA','7/950',0.000,1,NULL),
  (951,7,'FORMULARIO 1980 IMPUESTOS','-','HOJA','7/951',6100.000,1,NULL),
  (952,7,'FORMULARIO 501 (PATENTES)','-','HOJA','7/952',800.000,1,NULL),
  (953,7,'FORMULARIO 502 (TRANSFERENCIAS)','-','HOJAS','7/953',0.000,1,NULL),
  (954,7,'FORMULARIO DE VACACIONES','-','BLOCK','7/954',6.000,1,NULL),
  (955,7,'FORMULARIO INSCR. \"BONO JUANA A.\"','-','BLOCK','7/955',0.000,1,NULL),
  (956,7,'FORMULARIO SSPAM','-','BLOCK','7/956',0.000,1,NULL),
  (957,7,'FORMULARIO???','-','BLOCK','7/957',0.000,1,NULL),
  (958,7,'FORMULARIOS  SID','-','HOJA','7/958',0.000,1,NULL),
  (959,7,'FORMULARIOS DE REFERENCIA DE CASOS','-','BLOCK','7/959',0.000,1,NULL),
  (960,7,'FORMULARIOS DE SEGURO DEL ADULTO','-','BLOCK','7/960',0.000,1,NULL),
  (961,20,'FORRO DE ASIENTO','-','JUEGO','20/961',0.000,1,NULL),
  (962,21,'FORRO DE ESPONJA','-','PIEZA','21/962',0.000,1,NULL),
  (963,20,'FORRO PARA DISCO DE EMBRIAGUE','-','PIEZA','20/963',0.000,1,NULL),
  (964,20,'FORROS','-','PZA','20/964',0.000,1,NULL),
  (965,15,'FOTOCELULAS','-','PIEZA','15/965',0.000,1,NULL),
  (966,1,'FRANELA  P'' LIMPIAR ','-','PIEZA','1/966',17.000,1,NULL),
  (967,21,'FRANELA ABSORVENTE DE PISO','-','METRO','21/967',0.000,1,NULL),
  (968,21,'FRAZADAS','-','PIEZA','21/968',0.000,1,NULL),
  (969,21,'FRIEDORA DE POLLOS','-','-','21/969',0.000,1,NULL),
  (970,8,'FROTACHOS','-','PIEZA','8/970',4.000,1,NULL),
  (971,1,'FUENTE DE PODER','-','PIEZA','1/971',0.000,1,NULL),
  (972,16,'FULMINANTE','-','CAJA','16/972',0.000,1,NULL),
  (973,8,'FUMIGADORAS','-','-','8/973',0.000,1,NULL),
  (974,20,'FUNDA DE TABLERO DE VEHICULOS','-','PIEZA','20/974',0.000,1,NULL),
  (975,11,'FUNDAS PARA CD''s','-','PIEZA','11/975',0.000,1,NULL),
  (976,11,'FUNDAS PLASTICAS T/CARTA','-','PIEZA','11/976',0.000,1,NULL),
  (977,11,'FUNDAS PLASTICAS T/OIFICIO','-','PIEZA','11/977',0.000,1,NULL),
  (978,15,'FUSIBLES CHICOTILLOS','-','PIEZA','15/978',0.000,1,NULL),
  (979,15,'FUSIBLES DE DIFERENTES MEDIDAS','-','PIEZA','15/979',0.000,1,NULL),
  (980,20,'FUSIBLES PARA TABLERO','-','-','20/980',0.000,1,NULL),
  (981,1,'G.P.S.MAGALLAN EXPLORET','-','-','1/981',0.000,1,NULL),
  (982,17,'GABETERO DE MADERA ','-','PIEZA','17/982',0.000,1,NULL),
  (983,17,'GABETERO METALICO','-','PIEZA','17/983',0.000,1,NULL),
  (984,21,'GANCHOS PARA EL CAMAL','-','-','21/984',0.000,1,NULL),
  (985,21,'GARRAFAS','-','PIEZA','21/985',0.000,1,NULL),
  (986,4,'GAS LICUADO','-','KILO','4/986',0.000,1,NULL),
  (987,9,'GASA','-','BOLSA','9/987',0.000,1,NULL),
  (988,4,'GASOLINA CORRIENTE','-','LITRO','4/988',874.400,1,NULL),
  (989,8,'GATA','-','PIEZA','8/989',0.000,1,NULL),
  (990,20,'GATA HIDRAULICA','-','PIEZA','20/990',0.000,1,NULL),
  (991,9,'GEL ECOGRAFICO','-','-','9/991',0.000,1,NULL),
  (992,1,'GENERADOR DE CARACTERES','-','-','1/992',0.000,1,NULL),
  (993,15,'GENERADOR ELECTRICO','-','-','15/993',0.000,1,NULL),
  (994,15,'GENERADOR ELECTRICO','-','-','15/994',0.000,1,NULL),
  (995,21,'GLICERINA','-','BOTE','21/995',0.000,1,NULL),
  (996,21,'GLITER CON BRILLANTINA','-','PIEZA','21/996',0.000,1,NULL),
  (997,11,'GOMA DE SELLOS GRANDES','-','PIEZA','11/997',0.000,1,NULL),
  (998,7,'GOMA DE SELLOS PEQUEÑOS ','-','PIEZA','7/998',0.000,1,NULL),
  (999,20,'GOMA DE SOPORTE DE MOTOR DE VEHICULO','-','PIEZA','20/999',0.000,1,NULL),
  (1000,21,'GOMA DE TIRAFONDOS','-','PIEZA','21/1000',0.000,1,NULL);
COMMIT;

#
# Data for the `articulo` table  (LIMIT 1000,500)
#

INSERT INTO `articulo` (`articulo_id`, `categoria_id`, `articulo_nombre`, `articulo_marca`, `articulo_industria`, `articulo_codigo`, `articulo_saldo`, `estado_id`, `umanejo_id`) VALUES 
  (1001,20,'GOMA ESPONJA','-','-','20/1001',0.000,1,NULL),
  (1002,11,'GOMA EVA','-','PLIEGO','11/1002',0.000,1,NULL),
  (1003,14,'GOMA EVA CON BRILLO','-','PLIEGO','14/1003',0.000,1,NULL),
  (1004,21,'GOMA EVA T/OFICIO','-','HOJA','21/1004',0.000,1,NULL),
  (1005,20,'GOMA FRENO','-','-','20/1005',0.000,1,NULL),
  (1006,21,'GOMA LIQUIDA','-','PIEZA','21/1006',0.000,1,NULL),
  (1007,21,'GOMA PARA AMARRAR CAÑERIAS','-','PIEZA','21/1007',0.000,1,NULL),
  (1008,11,'GOMA PARA BAÑO','-','PIEZA','11/1008',0.000,1,NULL),
  (1009,21,'GOMA PARA PISO','-','METROS ','21/1009',0.000,1,NULL),
  (1010,12,'GORRAS , SOMBREROS','-','PIEZA','12/1010',9.000,1,NULL),
  (1011,24,'GPS NAVEGADOR GARMIN MONTANA','-','PIEZA','24/1011',0.000,1,NULL),
  (1012,10,'GRABA','.','VOLQUETA','10/1012',0.000,1,NULL),
  (1013,9,'GRADILLAS','-','-','9/1013',0.000,1,NULL),
  (1014,11,'GRAFOS','-','PIEZA','11/1014',0.000,1,NULL),
  (1015,15,'GRAMPAS BIMETALICAS','-','PIEZA','15/1015',0.000,1,NULL),
  (1016,10,'GRAMPAS PARA ALAMBRE DE PUAS','-','-','10/1016',0.000,1,NULL),
  (1017,11,'GRAPAS 24/6','-','CAJA','11/1017',120.000,1,NULL),
  (1018,15,'GRAPAS BIMETALICA','-','PIEZA','15/1018',0.000,1,NULL),
  (1019,11,'GRAPAS GRANDES ','-','CAJA','11/1019',14.000,1,NULL),
  (1020,15,'GRAPAS U','-','CAJA','15/1020',0.000,1,NULL),
  (1021,4,'GRASA','-','KILO','4/1021',0.000,1,NULL),
  (1022,7,'GRAVAMEN DE BS.1,00','-','Tlnrs.','7/1022',0.000,1,NULL),
  (1023,2,'GRIFOS','-','PIEZA','2/1023',0.000,1,NULL),
  (1024,2,'GRIFOS PARA LAVAMANOS','-','PIEZA','2/1024',0.000,1,NULL),
  (1025,8,'GUANTE DE ALTA TENSION','-','PAR','8/1025',0.000,1,NULL),
  (1026,21,'GUANTELETAS','-','PAR','21/1026',0.000,1,NULL),
  (1027,8,'GUANTES CUERO REFORZADO','-','PAR','8/1027',1.000,1,NULL),
  (1028,8,'GUANTES DE ALGODON','-','PAR','8/1028',0.000,1,NULL),
  (1029,12,'GUANTES DE ASBESTO','-','PAR','12/1029',0.000,1,NULL),
  (1030,21,'GUANTES DE BOX ','-','PAR','21/1030',0.000,1,NULL),
  (1031,12,'GUANTES DE CUERO','-','PAR','12/1031',30.000,1,NULL),
  (1032,12,'GUANTES DE GOMA ','-','PAR','12/1032',27.000,1,NULL),
  (1033,12,'GUANTES DE GOMA GRUESA Y FIBRA','-','PAR','12/1033',0.000,1,NULL),
  (1034,12,'GUANTES DE GOMA NEGRA','-','PAR','12/1034',57.000,1,NULL),
  (1035,12,'GUANTES DE LANA ENGOMADA','-','PAR','12/1035',67.000,1,NULL),
  (1036,15,'GUANTES DE OPERADOR','-','PAR','15/1036',0.000,1,NULL),
  (1037,15,'GUANTES ELECTRICOS ESPECIALES','-','PAR','15/1037',0.000,1,NULL),
  (1038,9,'GUANTES QUIRURGICAS','-','PAR','9/1038',0.000,1,NULL),
  (1039,20,'GUARDA BARROS','-','-','20/1039',0.000,1,NULL),
  (1040,21,'GUARDAPOLVO','-','PIEZA','21/1040',0.000,1,NULL),
  (1041,20,'GUARDAPOLVO DE TELESCOPIO','-','PIEZA','20/1041',0.000,1,NULL),
  (1042,8,'GUEÍN','-','-','8/1042',0.000,1,NULL),
  (1043,16,'GUIA BLANCA ','-','METRO','16/1043',0.000,1,NULL),
  (1044,7,'GUIA DE TRABAJO FINAL DE AUDITORIA','-','-','7/1044',0.000,1,NULL),
  (1045,20,'GUIADORES','-','PIEZA','20/1045',0.000,1,NULL),
  (1046,20,'GUIAS DE VALVULAS','-','JUEGO','20/1046',0.000,1,NULL),
  (1047,8,'GUILLOTINA','-','PIEZA','8/1047',0.000,1,NULL),
  (1048,1,'GUILLOTINA','-','PIEZA','1/1048',0.000,1,NULL),
  (1049,20,'GUIÑADOR','-','PIEZA','20/1049',0.000,1,NULL),
  (1050,1,'HAB DE 16 P.','-','-','1/1050',0.000,1,NULL),
  (1051,8,'HACHA','-','PIEZA','8/1051',0.000,1,NULL),
  (1052,1,'HAD DE 16 PUERTOS','-','PIEZA','1/1052',0.000,1,NULL),
  (1053,1,'HANDIES','-','PIEZA','1/1053',0.000,1,NULL),
  (1054,9,'HEST ROM TRO TIPO MORTIN 32 CM.','-','-','9/1054',0.000,1,NULL),
  (1055,15,'HEXAGONALES','-','PIEZA','15/1055',0.000,1,NULL),
  (1056,2,'HEXAGONALES PVC 1/2','-','PIEZA','2/1056',0.000,1,NULL),
  (1057,2,'HEXAGONALES PVC 3/4','-','PIEZA','2/1057',0.000,1,NULL),
  (1058,21,'HILO','-','-','21/1058',0.000,1,NULL),
  (1059,8,'HILO DE PLASTICO PARA ALBAÑIL','-','PIEZA','8/1059',0.000,1,NULL),
  (1060,8,'HOJA DE CEPILLO STANLEY','STANLEY','PIEZA','8/1060',0.000,1,NULL),
  (1061,11,'HOJA DE PLASTICO','-','HOJAS','11/1061',0.000,1,NULL),
  (1062,7,'HOJA DE RUTA','-','HOJA','7/1062',1500.000,1,NULL),
  (1063,8,'HOJA DE SIERRA MECANICA','-','HOJA','8/1063',0.000,1,NULL),
  (1064,20,'HOJA DE TENSOR','-','-','20/1064',0.000,1,NULL),
  (1065,21,'HORNOS SEMI - INDUSTRIALES','-','PIEZA','21/1065',0.000,1,NULL),
  (1066,1,'HUB SWITCH VARIOS PUERTOS','-','PIEZA','1/1066',0.000,1,NULL),
  (1067,15,'IGNITORES','-','PIEZAS','15/1067',0.000,1,NULL),
  (1068,17,'IMPRESORA CARRO LARGO A CINTA','-','PIEZA','17/1068',0.000,1,NULL),
  (1069,24,'IMPRESORA CON CARRO A CINTA MEDIANA','EPSON','PIEZA','24/1069',0.000,1,NULL),
  (1070,1,'IMPRESORA LASSER','-','PIEZA','1/1070',0.000,1,NULL),
  (1071,1,'IMPRESORA LASSER A COLORES','-','PIEZA','1/1071',0.000,1,NULL),
  (1072,24,'IMPRESORA LASSER GRANDE','-','PIEZA','24/1072',0.000,1,NULL),
  (1073,1,'IMPRESORA SISTEMA CONTINUO','-','PIEZA','1/1073',0.000,1,NULL),
  (1074,1,'IMPRESORAS VARIOS','-','PIEZA','1/1074',0.000,1,NULL),
  (1075,20,'INDUCIDO','-','PIEZA','20/1075',0.000,1,NULL),
  (1076,8,'INFLADOR','-','PIEZA','8/1076',0.000,1,NULL),
  (1077,15,'INGITORES ','-','PIEZA','15/1077',0.000,1,NULL),
  (1078,7,'INGRESO A ALMACEN','-','BLOCK','7/1078',0.000,1,NULL),
  (1079,2,'INODOROS VARIOS','-','JUEGO','2/1079',0.000,1,NULL),
  (1080,21,'INSECTICIDAS BAYGON MATA MOSCAS Y OTROS','-','LATA','21/1080',47.000,1,NULL),
  (1081,7,'INSTRUCTIVO DE VIAJE','-','BLOCK','7/1081',4.000,1,NULL),
  (1082,9,'INSTRUMENTAL QUIRURGICO','-','-','9/1082',0.000,1,NULL),
  (1083,22,'INSUMOS MEDICOS','-','STOCK','22/1083',0.000,1,NULL),
  (1084,1,'INTERCOMUNICADORES','-','PIEZA','1/1084',0.000,1,NULL),
  (1085,20,'INTERRUPTOR PALANCA','-','PIEZA','20/1085',0.000,1,NULL),
  (1086,15,'INTERRUPTORES','-','PIEZA','15/1086',15.000,1,NULL),
  (1087,15,'INTERRUPTORES A PALANCA','-','PIEZA','15/1087',0.000,1,NULL),
  (1088,1,'INVERSOR','-','-','1/1088',0.000,1,NULL),
  (1089,9,'IRRIGADOR METALICO','-','-','9/1089',0.000,1,NULL),
  (1090,7,'ITINERARIO DE CORRESPONDENCIA','-','BLOCK','7/1090',0.000,1,NULL),
  (1091,15,'JABALINA ','-','PIEZA','15/1091',1.000,1,NULL),
  (1092,26,'JABALINAS DEPORTIVAS DE 600 GRS','-','PIEZA','26/1092',0.000,1,NULL),
  (1093,26,'JABALINAS DEPORTIVAS DE 800 GRS','-','PIEZA','26/1093',0.000,1,NULL),
  (1094,21,'JABON','-','BARRA','21/1094',0.000,1,NULL),
  (1095,21,'JABONCILLO','-','BARRA','21/1095',18.000,1,NULL),
  (1096,21,'JABONCILLO LIQUIDO','-','LITRO','21/1096',0.000,1,NULL),
  (1097,5,'JALADORES','-','PIEZA','5/1097',0.000,1,NULL),
  (1098,9,'JARABES EN GENERAL','-','-','9/1098',0.000,1,NULL),
  (1099,21,'JARRAS METALICO Y PLASTICO','-','PIEZA','21/1099',0.000,1,NULL),
  (1100,9,'JERINGAS DESECHABLES ','-','PIEZA','9/1100',0.000,1,NULL),
  (1101,21,'JGO DE UTENSILLOS','-','-','21/1101',0.000,1,NULL),
  (1102,21,'JGOS REPUESTOS P'' MAQUINA DE COSER Y TEJER','-','-','21/1102',0.000,1,NULL),
  (1103,8,'JOOZ','-','PIEZA','8/1103',0.000,1,NULL),
  (1104,9,'JUEGO DE SABANAS','-','JUEGO','9/1104',0.000,1,NULL),
  (1105,9,'JUEGO DE SUTURA','-','-','9/1105',0.000,1,NULL),
  (1106,20,'JUEGO DE TRANSMISION','-','JUEGO','20/1106',0.000,1,NULL),
  (1107,21,'JUEGOS ARMANDO PRENDAS','-','-','21/1107',0.000,1,NULL),
  (1108,17,'JUEGOS DE COMEDOR','-','-','17/1108',0.000,1,NULL),
  (1109,17,'JUEGOS DE LIVING','-','JUEGO','17/1109',0.000,1,NULL),
  (1110,21,'JUGUETES','-','PIEZA','21/1110',0.000,1,NULL),
  (1111,2,'JUNTAS ANILLAS DE ASBESTO CEMENTO','-','-','2/1111',0.000,1,NULL),
  (1112,20,'JUNTAS CINETRICAS','-','PIEZA','20/1112',0.000,1,NULL),
  (1113,2,'JUNTAS DE  PVC DE 2','-','PIEZA','2/1113',0.000,1,NULL),
  (1114,2,'JUNTAS DE PVC DE 1 1/2','-','PIEZA','2/1114',0.000,1,NULL),
  (1115,2,'JUNTAS DE PVC DE 4','-','PIEZA','2/1115',0.000,1,NULL),
  (1116,7,'KARDEX CONTROL FONDOS EN AVANCE','-','-','7/1116',0.000,1,NULL),
  (1117,7,'KARDEX CONTROL PAGO PATENT,TASAS Y OTROS','-','PIEZA','7/1117',20.000,1,NULL),
  (1118,4,'KEROSENE','-','LITRO','4/1118',0.000,1,NULL),
  (1119,20,'KIT COMPLETO DE BIELA','-','JUEGO','20/1119',0.000,1,NULL),
  (1120,20,'KIT COMPLETO DE PISTON','-','JUEGO','20/1120',0.000,1,NULL),
  (1121,20,'KIT DE EMBRAGUE COMPLETO','-','JUEGO','20/1121',0.000,1,NULL),
  (1122,10,'LADRILLO 18 HUECOS','-','PIEZA','10/1122',0.000,1,NULL),
  (1123,10,'LADRILLO DE 6  HUECOS','-','PIEZA','10/1123',0.000,1,NULL),
  (1124,10,'LADRILLO GAMBOTE','-','PIEZA','10/1124',1100.000,1,NULL),
  (1125,20,'LAMINA DE FIBRA TORNO MESA','H','JUEGO','20/1125',0.000,1,NULL),
  (1126,6,'LAMINAS DE CARBURO DE CALCIO','-','-','6/1126',0.000,1,NULL),
  (1127,11,'LAMINAS PARA PLASTIFICACIÓN','-','HOJA','11/1127',0.000,1,NULL),
  (1128,15,'LAMPARA DE 250 LUZ MIXTA','-','-','15/1128',0.000,1,NULL),
  (1129,8,'LAMPARA DE PUNTO','-','-','8/1129',0.000,1,NULL),
  (1130,15,'LAMPARA PORTATIL DE 2 TUBOS','-','-','15/1130',0.000,1,NULL),
  (1131,9,'LAMPARA QUIROFANO','-','-','9/1131',0.000,1,NULL),
  (1132,12,'LAMPARAS ELECTRICAS (DE MINERIA)','-','PIEZA','12/1132',0.000,1,NULL),
  (1133,21,'LANAS','-','MADEJA','21/1133',0.000,1,NULL),
  (1134,11,'LAPICES DE COLORES','-','DOCENA','11/1134',0.000,1,NULL),
  (1135,11,'LAPIZ BICOLOR','-','PIEZA','11/1135',827.000,1,NULL),
  (1136,11,'LAPIZ DE COLOR ESPECIALES','-','PIEZA','11/1136',0.000,1,NULL),
  (1137,11,'LAPIZ NEGRO','-','PIEZA','11/1137',766.000,1,NULL),
  (1138,11,'LAPIZ NEGRO FABER CASSTELL','-','PIEZA','11/1138',0.000,1,NULL),
  (1139,11,'LAPIZ ROJO','-','PIEZA','11/1139',841.000,1,NULL),
  (1140,21,'LATAS VACIAS DE ALCOHOL','-','PIEZA','21/1140',0.000,1,NULL),
  (1141,2,'LAVAMANOS','-','PIEZA','2/1141',0.000,1,NULL),
  (1142,21,'LAVANDINA','-','LITRO','21/1142',57.000,1,NULL),
  (1143,1,'LECTOR DE CD''s ','-','PIEZA','1/1143',0.000,1,NULL),
  (1144,1,'LECTOR DE DVD','-','PIEZA','1/1144',0.000,1,NULL),
  (1145,20,'LEDS LUCES EXTERNAS DE AUTOMOVILES','-','PIEZA','20/1145',0.000,1,NULL),
  (1146,7,'LEGAJO CORRIENTE CARATULA T/OFICIO','-','-','7/1146',0.000,1,NULL),
  (1147,7,'LEGAJO PERMANENTE CARATULA T/OFICIO','-','-','7/1147',0.000,1,NULL),
  (1148,12,'LENTES DE PROTECCCIÓN PARA SOLDAR','-','PIEZA','12/1148',0.000,1,NULL),
  (1149,12,'LENTES DE SEGURIDAD','-','PIEZA','12/1149',7.000,1,NULL),
  (1150,21,'LEÑA','-','-','21/1150',0.000,1,NULL),
  (1151,11,'LETERIN VARIOS TAMAÑOS','-','PIEZA','11/1151',0.000,1,NULL),
  (1152,21,'LEVANTADOR DE BASURA DE PLASTICO','-','PIEZA','21/1152',0.000,1,NULL),
  (1153,21,'LEVANTADORES DE BASURA ','-','PIEZA','21/1153',24.000,1,NULL),
  (1154,11,'LIBRETA DE NOTAS','-','PIEZA','11/1154',66.000,1,NULL),
  (1155,11,'LIBRETAS BANCARIAS','-','PIEZA','11/1155',12.000,1,NULL),
  (1156,11,'LIBRO DE ACTAS','-','PIEZA','11/1156',12.000,1,NULL),
  (1157,7,'LIBRO DE ORDENES','-','BLOCK','7/1157',21.000,1,NULL),
  (1158,23,'LIBROS EDUCATIVOS ( ATLAS, DICCIONARIOS, ENCICLOPE','-','PIEZA','23/1158',0.000,1,NULL),
  (1159,21,'LICUADORAS','-','PIEZA','21/1159',0.000,1,NULL),
  (1160,10,'LIENZO DE ALGODÓN','-','-','10/1160',0.000,1,NULL),
  (1161,8,'LIENZO PARA PLOMADA','-','-','8/1161',0.000,1,NULL),
  (1162,8,'LIJA DE  FIERRO ','-','HOJA','8/1162',0.000,1,NULL),
  (1163,10,'LIJA DE MADERA','-','METRO','10/1163',0.000,1,NULL),
  (1164,10,'LIJA DE PARED','-','HOJA','10/1164',0.000,1,NULL),
  (1165,8,'LIMAS MECANICAS','-','JUEGO','8/1165',0.000,1,NULL),
  (1166,8,'LIMAS VARIOS','-','PIEZA','8/1166',0.000,1,NULL),
  (1167,1,'LIMPIA CABEZALES','-','PIEZA','1/1167',0.000,1,NULL),
  (1168,20,'LIMPIA PARABRISAS','-','PIEZA','20/1168',0.000,1,NULL),
  (1169,2,'LIMPIADOR DE PVC TINER','-','LITRO','2/1169',0.000,1,NULL),
  (1170,21,'LIMPIADOR DE VENTANAS','-','PIEZA','21/1170',0.000,1,NULL),
  (1171,21,'LINEALES RCA','-','PIEZA','21/1171',0.000,1,NULL),
  (1172,10,'LINOLIO PARA PISO','-','METRO','10/1172',0.000,1,NULL),
  (1173,15,'LINTERNA RECARGABLE','-','PIEZA','15/1173',0.000,1,NULL),
  (1174,15,'LINTERNAS','-','PIEZA','15/1174',3.000,1,NULL),
  (1175,11,'LIQUIDO CORRECTOR','-','BOTES','11/1175',7.000,1,NULL),
  (1176,4,'LIQUIDO DE FRENO','-','LITRO','4/1176',0.000,1,NULL),
  (1177,4,'LIQUIDO HIDRAULICO','-','LITRO','4/1177',0.000,1,NULL),
  (1178,11,'LIQUIDO LIMPIA CABEZAL','-','PZA','11/1178',0.000,1,NULL),
  (1179,21,'LIQUIDO LIMPIA MUEBLES','-','LITRO','21/1179',0.000,1,NULL),
  (1180,21,'LIQUIDO LIMPIADOR DE VIDRIOS','-','LITRO','21/1180',0.000,1,NULL),
  (1181,11,'LIQUIDO LIMPIADOR MULTIUSO','-','LITRO','11/1181',1.000,1,NULL),
  (1182,21,'LIQUIDO LIMPIADOR PARA COMPUTADORAS','-','LITRO','21/1182',0.000,1,NULL),
  (1183,10,'LISTONES','-','PIEZA','10/1183',12.000,1,NULL),
  (1184,24,'LIVING DE CUERO','-','JUEHO','24/1184',0.000,1,NULL),
  (1185,20,'LLANTA','-','PIEZA','20/1185',0.000,1,NULL),
  (1186,20,'LLANTA  DE MAQUINARIA PESADA','-','PIEZA','20/1186',0.000,1,NULL),
  (1187,20,'LLANTA DE MOTOCICLETA','-','PIEZA','20/1187',0.000,1,NULL),
  (1188,20,'LLANTAS DE GOMA COMPLETAS','-','PIEZA','20/1188',0.000,1,NULL),
  (1189,8,'LLANTAS PARA CARRETILLA','-','PIEZA','8/1189',0.000,1,NULL),
  (1190,8,'LLAVE ALIEN','-','PIEZA','8/1190',0.000,1,NULL),
  (1191,8,'LLAVE CRESENT','-','PIEZA','8/1191',0.000,1,NULL),
  (1192,8,'LLAVE CRUZ PARA VEHICULOS','-','PIEZA','8/1192',0.000,1,NULL),
  (1193,8,'LLAVE DE DADO','-','PIEZA','8/1193',0.000,1,NULL),
  (1194,8,'LLAVE DE PASO  2 1/2','-','PIEZA','8/1194',0.000,1,NULL),
  (1195,2,'LLAVE DE PASO DE 1','-','PIEZA','2/1195',13.000,1,NULL),
  (1196,2,'LLAVE DE PASO DE 1 1/2','-','PIEZA','2/1196',0.000,1,NULL),
  (1197,2,'LLAVE DE PASO DE 1 1/2 MEDIA VUELTA','-','PIEZA','2/1197',2.000,1,NULL),
  (1198,2,'LLAVE DE PASO DE 1 DE MEDIA VUELTA','-','PIEZA','2/1198',5.000,1,NULL),
  (1199,2,'LLAVE DE PASO DE 1/2 ','-','PIEZA','2/1199',286.000,1,NULL),
  (1200,2,'LLAVE DE PASO DE 1/2\" (CORTINA)','-','PIEZA','2/1200',0.000,1,NULL),
  (1201,2,'LLAVE DE PASO DE 2','-','PIEZA','2/1201',27.000,1,NULL),
  (1202,2,'LLAVE DE PASO DE 3/4','-','PIEZA','2/1202',0.000,1,NULL),
  (1203,2,'LLAVE DE PASO DE 4','-','PIEZA','2/1203',2.000,1,NULL),
  (1204,2,'LLAVE DE PASO PVC CORTINA DE 1/2','-','PIEZA','2/1204',0.000,1,NULL),
  (1205,2,'LLAVE FINAL ','-','PIEZA','2/1205',0.000,1,NULL),
  (1206,8,'LLAVE MIXTAS ','-','JUEGO','8/1206',0.000,1,NULL),
  (1207,15,'LLAVE PORTA FUSIBLES','-','PIEZA','15/1207',0.000,1,NULL),
  (1208,8,'LLAVE STILSON # 12 ','-','PIEZA','8/1208',0.000,1,NULL),
  (1209,8,'LLAVE STILSON # 18','-','PIEZA','8/1209',0.000,1,NULL),
  (1210,8,'LLAVE STILSON # 24','-','PIEZA','8/1210',0.000,1,NULL),
  (1211,8,'LLAVE STILSON #10','-','PIEZA','8/1211',0.000,1,NULL),
  (1212,8,'LLAVE STILSON# 14','-','PIEZA','8/1212',0.000,1,NULL),
  (1213,2,'LLAVE UNIVERSAL ','TUPY','PIEZA','2/1213',0.000,1,NULL),
  (1214,8,'LLAVES CRESSEN 6\", 8\", 10\", 12\" Y 15\"','-','JUEGO (5 PIEZAS)','8/1214',0.000,1,NULL),
  (1215,8,'LLAVES DE DADO TORCO','-','JUEGO','8/1215',0.000,1,NULL),
  (1216,8,'LLAVES EXAGONALES ','-','JUEGO','8/1216',0.000,1,NULL),
  (1217,8,'LLAVES MIXTAS (17 PIEZAS)','-','JUEGO','8/1217',0.000,1,NULL),
  (1218,8,'LLAVES TIPO BOCA','-','JUEGO','8/1218',0.000,1,NULL),
  (1219,20,'LOGOTIPO','-','PIEZA','20/1219',0.000,1,NULL),
  (1220,10,'LOSETAS','-','PIEZA','10/1220',0.000,1,NULL),
  (1221,15,'LUMINARIA DE SODIO DE 70 W.','-','PIEZA','15/1221',0.000,1,NULL),
  (1222,15,'LUMINARIAS A MERCURIO DE 125,150,250 WATTS','-','PIEZA','15/1222',0.000,1,NULL),
  (1223,15,'LUMINARIAS SODIO VAPOR DE 250 WATTS. ','-','PIEZA','15/1223',0.000,1,NULL),
  (1224,20,'MACERO','-','PIEZA','20/1224',0.000,1,NULL),
  (1225,10,'MACHIMBRE','-','-','10/1225',0.000,1,NULL),
  (1226,10,'MADERA DE CONSTRUCCIÓN VARIAS MEDIDAS','-','PIEZA','10/1226',29.000,1,NULL),
  (1227,10,'MADERA DURA','-','PIEZA','10/1227',0.000,1,NULL),
  (1228,1,'MALETA DE ILUMINACIÓN','-','-','1/1228',0.000,1,NULL),
  (1229,21,'MALETIN ','-','PZA','21/1229',0.000,1,NULL),
  (1230,1,'MALETIN DE CAMARA FILMADORA','-','PIEZA','1/1230',0.000,1,NULL),
  (1231,21,'MALETIN DE COMPUTADORA PORTATIL','-','PIEZA','21/1231',0.000,1,NULL),
  (1232,10,'MALLA  OLIMPICA','-','M2','10/1232',0.000,1,NULL),
  (1233,9,'MALLA MILIMETRICA ','-','ROLLO','9/1233',0.000,1,NULL),
  (1234,15,'MALLA PREFORMADA','-','METRO','15/1234',0.000,1,NULL),
  (1235,10,'MAMPARAS','-','PIEZA','10/1235',1.000,1,NULL),
  (1236,17,'MAMPARAS','-','-','17/1236',0.000,1,NULL),
  (1237,12,'MANDILES ','-','PIEZA','12/1237',66.000,1,NULL),
  (1238,8,'MANDRIL COMPLETO','-','PIEZA','8/1238',0.000,1,NULL),
  (1239,8,'MANGOS DE COMBOS','-','PIEZA','8/1239',0.000,1,NULL),
  (1240,8,'MANGOS DE PALAS','-','PIEZA','8/1240',0.000,1,NULL),
  (1241,8,'MANGOS PARA PICOTAS','-','PIEZA','8/1241',0.000,1,NULL),
  (1242,20,'MANGUERA DE AIRE','-','PIEZA','20/1242',0.000,1,NULL),
  (1243,20,'MANGUERA DE ALTA PRESION','-','METRO','20/1243',0.000,1,NULL),
  (1244,20,'MANGUERA DE GASOLINA','-','PIEZA','20/1244',0.000,1,NULL),
  (1245,2,'MANGUERA DE GOMA DE 1 ','-','METRO','2/1245',0.000,1,NULL),
  (1246,21,'MANGUERA DE GOMA DE 3/4\"','-','METRO','21/1246',0.000,1,NULL),
  (1247,20,'MANGUERA DE GOMA P'' BOMBA','-','-','20/1247',0.000,1,NULL),
  (1248,8,'MANGUERA DE NIVEL','-','-','8/1248',0.000,1,NULL),
  (1249,2,'MANGUERA DE PLASTICO','-','METRO','2/1249',0.000,1,NULL),
  (1250,20,'MANGUERA DE PRESION','-','PIEZA','20/1250',0.000,1,NULL),
  (1251,20,'MANGUERA DE RADIADOR','-','PIEZA','20/1251',0.000,1,NULL),
  (1252,21,'MANGUERAS PARA COCINA Y HORNOS','-','METRO','21/1252',0.000,1,NULL),
  (1253,21,'MANIQUIS','-','-','21/1253',0.000,1,NULL),
  (1254,20,'MANIVELA','-','PIEZA','20/1254',0.000,1,NULL),
  (1255,21,'MANOS DE RANA','-','PAR','21/1255',0.000,1,NULL),
  (1256,21,'MAQUINA BROCHEADORA','-','-','21/1256',0.000,1,NULL),
  (1257,21,'MAQUINA DE COSER','-','PIEZA','21/1257',0.000,1,NULL),
  (1258,1,'MAQUINA DE ESCRIBIR NORMAL Y ELECTRICO','-','PIEZA','1/1258',0.000,1,NULL),
  (1259,21,'MAQUINA DE TEJER','-','-','21/1259',0.000,1,NULL),
  (1260,1,'MAQUINA FOTOCOPIADORA','-','-','1/1260',0.000,1,NULL),
  (1261,1,'MAQUINA SOLDADORA ','BOMBAZZI','PIEZA','1/1261',0.000,1,NULL),
  (1262,21,'MAQUINA SULFILADORA','-','-','21/1262',0.000,1,NULL),
  (1263,1,'MARCADOR ELECTRICO','-','PIEZA','1/1263',0.000,1,NULL),
  (1264,11,'MARCADORES DE AGUA','-','PIEZA','11/1264',65.000,1,NULL),
  (1265,11,'MARCADORES DE CD''s','-','PIEZA','11/1265',1.000,1,NULL),
  (1266,11,'MARCADORES DELGADOS DE COLORES','-','CAJA','11/1266',0.000,1,NULL),
  (1267,11,'MARCADORES GRUESOS ','-','PIEZA','11/1267',86.000,1,NULL),
  (1268,8,'MARCADOS CON OCRE','-','-','8/1268',0.000,1,NULL),
  (1269,10,'MARCO DE PUERTA','-','PIEZA','10/1269',0.000,1,NULL),
  (1270,10,'MARCOS DE ALUMINIO','-','PIEZA','10/1270',0.000,1,NULL),
  (1271,21,'MARCOS PARA PIZARRA Y CUADROS','-','PIEZA','21/1271',0.000,1,NULL),
  (1272,8,'MARCOS PARA SIERRA MECANICA','-','PIEZA','8/1272',0.000,1,NULL),
  (1273,21,'MARIPOSA DE OBILLADORA','-','-','21/1273',0.000,1,NULL),
  (1274,8,'MARTILLO BOLA','-','PIEZA','8/1274',0.000,1,NULL),
  (1275,8,'MARTILLO DE CARPINTERIA','-','PIEZA','8/1275',0.000,1,NULL),
  (1276,20,'MARTILLO GOBERNADOR','-','PZA','20/1276',0.000,1,NULL),
  (1277,8,'MARTILLO MECANICO','-','PIEZA','8/1277',0.000,1,NULL),
  (1278,12,'MASCARA DE SOLDAR','-','PIEZA','12/1278',0.000,1,NULL),
  (1279,8,'MASCARA PARA SOLDAR','-','PIEZA','8/1279',0.000,1,NULL),
  (1280,9,'MASCARILLA PARA OXIGENO','-','-','9/1280',0.000,1,NULL),
  (1281,14,'MASILLA PARA VIDRIOS','-','KILO','14/1281',0.000,1,NULL),
  (1282,11,'MASQUIN','-','PIEZA','11/1282',12.000,1,NULL),
  (1283,7,'MATRICULAS ESCOLARES','-','BLOCK','7/1283',0.000,1,NULL),
  (1284,1,'MAUS RATÓN','-','PIEZA','1/1284',0.000,1,NULL),
  (1285,20,'MECANISMOS DE LEVANTA VIDRIO','-','PIEZA','20/1285',0.000,1,NULL),
  (1286,15,'MEDIDOR','-','PIEZA','15/1286',0.000,1,NULL),
  (1287,15,'MEDIDOR DE VOLTAJE ','-','PIEZA','15/1287',0.000,1,NULL),
  (1288,15,'MEDIDOR MECANICO','-','PIEZA','15/1288',0.000,1,NULL),
  (1289,15,'MEDIDOR TRIFASICO ','-','PIEZA','15/1289',0.000,1,NULL),
  (1290,26,'MEGAFONOS GRANDES','-','PIEZA','26/1290',0.000,1,NULL),
  (1291,26,'MEGAFONOS PEQUEÑOS','-','PIEZA','26/1291',0.000,1,NULL),
  (1292,11,'MEMBRET A COLOR T/C HAM COPIA','-','HOJA','11/1292',0.000,1,NULL),
  (1293,11,'MEMBRET A COLOR T/C HAM ORIG.','-','HOJA','11/1293',0.000,1,NULL),
  (1294,11,'MEMBRET A COLOR T/O HAM COPIA','-','HOJA','11/1294',0.000,1,NULL),
  (1295,11,'MEMBRET A COLOR T/O HAM ORIG.','-','HOJA','11/1295',0.000,1,NULL),
  (1296,7,'MEMBRET ASAMBLEA DEL DEPORTE','-','HOJA','7/1296',0.000,1,NULL),
  (1297,11,'MEMBRET T/ C TERMINAL COPIA','-','HOJA','11/1297',0.000,1,NULL),
  (1298,11,'MEMBRET T/ C TERMINAL ORIG','-','HOJA','11/1298',500.000,1,NULL),
  (1299,11,'MEMBRET T/C  ENERGIA ELECTRICA COP','-','HOJAS','11/1299',0.000,1,NULL),
  (1300,11,'MEMBRET T/C  S.A.22 DE DIC.COP.','-','HOJAS','11/1300',0.000,1,NULL),
  (1301,11,'MEMBRET T/C  S.A.22 DE DIC.ORIG','-','HOJAS','11/1301',0.000,1,NULL),
  (1302,11,'MEMBRET T/C  S.A.CATAV COPIA','-','HOJAS','11/1302',0.000,1,NULL),
  (1303,11,'MEMBRET T/C  S.A.CATAV ORIGINAL','-','HOJAS','11/1303',2300.000,1,NULL),
  (1304,11,'MEMBRET T/C BAÑOS CATAVI COPIA','-','HOJAS','11/1304',400.000,1,NULL),
  (1305,11,'MEMBRET T/C BAÑOS CATAVI ORIG.','-','HOJAS','11/1305',500.000,1,NULL),
  (1306,11,'MEMBRET T/C ENERGIA ELECTRICA ORIG','-','HOJAS','11/1306',0.000,1,NULL),
  (1307,11,'MEMBRET T/C HAM COPIA','-','HOJA','11/1307',0.000,1,NULL),
  (1308,11,'MEMBRET T/C HAM ORIG.','-','HOJA','11/1308',9600.000,1,NULL),
  (1309,11,'MEMBRET T/C S.A.SIKUYA COPIA','-','HOJAS','11/1309',0.000,1,NULL),
  (1310,11,'MEMBRET T/C S.A.SIKUYA ORIG.','-','HOJAS','11/1310',6300.000,1,NULL),
  (1311,11,'MEMBRET T/C S.A.SXX COPIA','-','HOJAS','11/1311',0.000,1,NULL),
  (1312,11,'MEMBRET T/C S.A.SXX ORIGINAL','-','HOJAS','11/1312',4000.000,1,NULL),
  (1313,11,'MEMBRET T/C SLIM ORIGINAL','-','HOJA','11/1313',0.000,1,NULL),
  (1314,11,'MEMBRET T/CARTA CONCEJO MCPAL COPIA','-','HOJA','11/1314',0.000,1,NULL),
  (1315,11,'MEMBRET T/CARTA CONCEJO MCPAL ORIGINAL','-','HOJA','11/1315',0.000,1,NULL),
  (1316,7,'MEMBRET T/CARTA CONCEJO MPAL COPIA COLOR','-','HOJA','7/1316',0.000,1,NULL),
  (1317,7,'MEMBRET T/CARTA CONCEJO MPAL. FULL COLOR','-','HOJA','7/1317',0.000,1,NULL),
  (1318,7,'MEMBRET T/CARTA PAN ORIGINAL','-','HOJA','7/1318',0.000,1,NULL),
  (1319,11,'MEMBRET T/O  PAN  COPIAS','-','HOJA','11/1319',0.000,1,NULL),
  (1320,11,'MEMBRET T/O APOYO A MINERIA COP','-','HOJAS','11/1320',0.000,1,NULL),
  (1321,11,'MEMBRET T/O APOYO A MINERIA ORIG','-','HOJAS','11/1321',0.000,1,NULL),
  (1322,11,'MEMBRET T/O ASOCIÓN PERS DISCAP','-','HOJAS','11/1322',0.000,1,NULL),
  (1323,11,'MEMBRET T/O BAÑOS CATAVI COPIA','-','HOJAS','11/1323',24.000,1,NULL),
  (1324,11,'MEMBRET T/O BAÑOS CATAVI ORIG','-','HOJAS','11/1324',500.000,1,NULL),
  (1325,11,'MEMBRET T/O DEFENSORIA  COPIA','-','HOJAS','11/1325',0.000,1,NULL),
  (1326,11,'MEMBRET T/O DEFENSORIA  ORIGINAL','-','HOJAS','11/1326',700.000,1,NULL),
  (1327,11,'MEMBRET T/O DIR.DISTRIT.EDUC.COPI','-','HOJAS','11/1327',0.000,1,NULL),
  (1328,11,'MEMBRET T/O DIR.DISTRIT.EDUC.ORIG','-','HOJAS','11/1328',0.000,1,NULL),
  (1329,11,'MEMBRET T/O HAM COPIA','-','HOJA','11/1329',950.000,1,NULL),
  (1330,11,'MEMBRET T/O HAM ORIG.','-','HOJA','11/1330',2850.000,1,NULL),
  (1331,11,'MEMBRET T/O PAN  ORIGINAL','-','HOJA','11/1331',0.000,1,NULL),
  (1332,11,'MEMBRET T/O S.A CATAV ORIGINAL','-','HOJAS','11/1332',0.000,1,NULL),
  (1333,11,'MEMBRET T/O S.A.22 DE DIC.COPIA','-','HOJAS','11/1333',850.000,1,NULL),
  (1334,11,'MEMBRET T/O S.A.22 DE DIC.ORIG','-','HOJAS','11/1334',3600.000,1,NULL),
  (1335,11,'MEMBRET T/O S.A.CATAV COPIA','-','HOJAS','11/1335',2200.000,1,NULL),
  (1336,11,'MEMBRET T/O S.A.CHULLPA COP.','-','HOJAS','11/1336',0.000,1,NULL),
  (1337,11,'MEMBRET T/O S.A.CHULLPA ORIG.','-','HOJAS','11/1337',4100.000,1,NULL),
  (1338,11,'MEMBRET T/O S.A.SXX ORIGINAL','-','HOJAS','11/1338',1000.000,1,NULL),
  (1339,11,'MEMBRET T/O SLIM  COPIA','-','HOJAS','11/1339',0.000,1,NULL),
  (1340,11,'MEMBRET T/O SLIM  ORIGINAL','-','HOJAS','11/1340',0.000,1,NULL),
  (1341,11,'MEMBRET T/O TERMIN DE BUSES COP','-','HOJAS','11/1341',0.000,1,NULL),
  (1342,11,'MEMBRET T/O TERMIN DE BUSES ORIG','-','HOJAS','11/1342',400.000,1,NULL),
  (1343,11,'MEMBRET T/O.S.A.SXX COPIA','-','HOJAS','11/1343',600.000,1,NULL),
  (1344,11,'MEMBRET T/OFICIO CONCEJO MCPAL COPIA','-','HOJAS','11/1344',0.000,1,NULL),
  (1345,11,'MEMBRET T/OFICIO CONCEJO MCPAL ORIGINAL','-','HOJAS','11/1345',0.000,1,NULL),
  (1346,7,'MEMBRET T/OFICIO CONCEJO MPAL COPIA A COLOR','-','HOJA','7/1346',0.000,1,NULL),
  (1347,7,'MEMBRET T/OFICIO CONCEJO MPAL. FULL COLOR','-','HOJA','7/1347',0.000,1,NULL),
  (1348,7,'MEMBRET T/OFICIO DEFENSORIA N.A. FULL COLOR','-','HOJA','7/1348',0.000,1,NULL),
  (1349,7,'MEMBRET. ESPECIAL PARA ORDENANZA MIPAL.','-','HOJA','7/1349',0.000,1,NULL),
  (1350,7,'MEMBRETADO AUDITORIA T/CARTA','-','HOJA','7/1350',0.000,1,NULL),
  (1351,11,'MEMBRETADO AUDITORIA T/OFICIO','-','HOJA','11/1351',0.000,1,NULL),
  (1352,11,'MEMBRETADOS ENERGIA ELECTRICO T/O','-','HOJAS','11/1352',0.000,1,NULL),
  (1353,7,'MEMBRETEADOS T/OFICIO DILOS ORIGINAL','-','HOJAS ','7/1353',0.000,1,NULL),
  (1354,11,'MEMO STIKS','-','BLOCK','11/1354',20.000,1,NULL),
  (1355,7,'MEMORANDUMS','-','BLOCK','7/1355',19.000,1,NULL),
  (1356,7,'MEMORANDUMS DE DESEMBOLSO','-','BLOCK','7/1356',5.000,1,NULL),
  (1357,21,'MEMORIA PARA CAMARA FOTOGRAFICA','-','PIEZA','21/1357',0.000,1,NULL),
  (1358,1,'MEMORIA RAM','-','PIEZA','1/1358',0.000,1,NULL),
  (1359,9,'MENAJE DE COCINA','-','-','9/1359',0.000,1,NULL),
  (1360,22,'MENTISAN','-','POMO','22/1360',0.000,1,NULL),
  (1361,9,'MERCURIO ','-','-','9/1361',0.000,1,NULL),
  (1362,17,'MESA DE DIBUJO','-','-','17/1362',0.000,1,NULL),
  (1363,26,'MESA DE PING PONG','-','PIEZA','26/1363',0.000,1,NULL),
  (1364,17,'MESA DE PLASTICO','-','PIEZA','17/1364',0.000,1,NULL),
  (1365,17,'MESA METALICA','-','PIEZA','17/1365',0.000,1,NULL),
  (1366,17,'MESAS 1/2  HEXAGONALES ','-','PIEZA','17/1366',0.000,1,NULL),
  (1367,17,'MESAS DE MADERA','-','PIEZA','17/1367',0.000,1,NULL),
  (1368,8,'MESCLADORA','-','MAQUINA','8/1368',0.000,1,NULL),
  (1369,13,'METAL BLANCO','-','-','13/1369',0.000,1,NULL),
  (1370,17,'MEZONES','-','-','17/1370',0.000,1,NULL),
  (1371,11,'MICRO PUNTAS','-','PIEZA','11/1371',0.000,1,NULL),
  (1372,1,'MICROFONOS VARIOS','-','PIEZA','1/1372',0.000,1,NULL),
  (1373,1,'MICROPROCESADOR ','-','PIEZA','1/1373',0.000,1,NULL),
  (1374,11,'MINAS  DE LAPICES','-','PAQUETE','11/1374',0.000,1,NULL),
  (1375,1,'MINI CASSETTES DE VIDEO DV','-','PIEZA','1/1375',0.000,1,NULL),
  (1376,11,'MINI DVD','-','PIEZA','11/1376',0.000,1,NULL),
  (1377,11,'MINI DVD REGRABABLES ','TDK','PIEZA','11/1377',100.000,1,NULL),
  (1378,8,'MIRA PLEGABLE','-','-','8/1378',0.000,1,NULL),
  (1379,1,'MIXER DE VIDEO DATA VIDEO','-','-','1/1379',0.000,1,NULL),
  (1380,12,'MOCHILAS ','-','PIEZA','12/1380',0.000,1,NULL),
  (1381,17,'MODULARES PARA TV Y COMPONENTES','-','-','17/1381',0.000,1,NULL),
  (1382,8,'MOLDES PARA LOZETAS','-','-','8/1382',0.000,1,NULL),
  (1383,8,'MOLEDORA DE CARNE','-','-','8/1383',0.000,1,NULL),
  (1384,21,'MOLEDORAS','-','-','21/1384',0.000,1,NULL),
  (1385,21,'MONDA DIENTES','-','-','21/1385',0.000,1,NULL),
  (1386,1,'MONITOR DE COMPUTADOR','-','PIEZA','1/1386',0.000,1,NULL),
  (1387,21,'MONTERAS','-','-','21/1387',0.000,1,NULL),
  (1388,15,'MORDASAS','-','-','15/1388',0.000,1,NULL),
  (1389,10,'MOSAICOS','-','CAJA','10/1389',0.000,1,NULL),
  (1390,21,'MOTO BOMBA','-','-','21/1390',0.000,1,NULL),
  (1391,8,'MOTO BOMBA DE AGUA','-','-','8/1391',0.000,1,NULL),
  (1392,8,'MOTO SIERRA','-','PIEZA','8/1392',0.000,1,NULL),
  (1393,8,'MOTOR','-','-','8/1393',0.000,1,NULL),
  (1394,20,'MOTOR','-','-','20/1394',0.000,1,NULL),
  (1395,20,'MOTOR A DIESEL','-','-','20/1395',0.000,1,NULL),
  (1396,20,'MOTOR DE ARRANQUE','-','PIEZA','20/1396',0.000,1,NULL),
  (1397,17,'MUEBLE PARA COMPUTADORA','-','PIEZA','17/1397',0.000,1,NULL),
  (1398,20,'MUELLES','-','HOJA','20/1398',0.000,1,NULL),
  (1399,7,'MULTAS INTENDENCIA','-','BLOCK','7/1399',13.000,1,NULL),
  (1400,1,'MULTITESTER','-','PIEZA','1/1400',0.000,1,NULL),
  (1401,20,'MUÑONES','-','JUEGO','20/1401',0.000,1,NULL),
  (1402,20,'MUÑONES DE DIRECCION','-','PIEZA','20/1402',0.000,1,NULL),
  (1403,11,'NAILON TRANSPARENTE Y COLORES','-','METRO','11/1403',0.000,1,NULL),
  (1404,20,'NEOMATICOS DE AUTOMOVILES','-','PIEZA','20/1404',0.000,1,NULL),
  (1405,20,'NEOMATICOS PEQUEÑOS','-','PIEZA','20/1405',0.000,1,NULL),
  (1406,20,'NIDO VACIO','-','-','20/1406',0.000,1,NULL),
  (1407,2,'NIPLE FG  DE 1 1/2','-','PIEZA','2/1407',210.000,1,NULL),
  (1408,2,'NIPLE FG DE  3','-','PIEZA','2/1408',0.000,1,NULL),
  (1409,2,'NIPLE FG DE 1','-','PIEZA','2/1409',0.000,1,NULL),
  (1410,6,'NIPLE FG DE 1/2','-','PZAS','6/1410',0.000,1,NULL),
  (1411,2,'NIPLE FG DE 2','-','PIEZA','2/1411',12.000,1,NULL),
  (1412,2,'NIPLE FG DE 3/4','-','PIEZA','2/1412',0.000,1,NULL),
  (1413,2,'NIPLE PVC ','-','PIEZA','2/1413',0.000,1,NULL),
  (1414,15,'NIQUELINA','-','-','15/1414',0.000,1,NULL),
  (1415,8,'NIVEL METALICO','-','PIEZA','8/1415',0.000,1,NULL),
  (1416,8,'NIVEL TIPO BOLIGRAFO','-','PIEZA','8/1416',0.000,1,NULL),
  (1417,7,'NOTA DE REMICIÓN','-','-','7/1417',0.000,1,NULL),
  (1418,7,'NOTIFICACIÓN RECAUDACIONES','-','BLOCK','7/1418',1.000,1,NULL),
  (1419,7,'NOTIFICACIONES DE ENERGIA ELECTRICA','-','BLOCKS','7/1419',0.000,1,NULL),
  (1420,7,'NOTIFICACIONES S.A. CATAVI-','-','BLOCK','7/1420',5.000,1,NULL),
  (1421,9,'NOVALGINA ','-','-','9/1421',0.000,1,NULL),
  (1422,8,'NUEMATICOS P''CARRETILLA','-','PIEZA','8/1422',0.000,1,NULL),
  (1423,21,'NUMERALES','-','-','21/1423',0.000,1,NULL),
  (1424,21,'OBILLADORA','-','-','21/1424',0.000,1,NULL),
  (1425,10,'OCRE','-','KILO','10/1425',0.000,1,NULL),
  (1426,19,'OCRE DIFERENTES COLORES','-','KILO','19/1426',0.000,1,NULL),
  (1427,15,'OCTAGONALES CONDOLETES','-','-','15/1427',0.000,1,NULL),
  (1428,15,'OJAL PARA TIRANTE','-','-','15/1428',0.000,1,NULL),
  (1429,21,'OLLA A PRESION','-','PIEZA','21/1429',0.000,1,NULL),
  (1430,21,'OLLAS DE ACERO INOXIDABLE','-','JUEGO','21/1430',0.000,1,NULL),
  (1431,21,'OLLAS DE DIFERENTES MEDIDAS','-','-','21/1431',0.000,1,NULL),
  (1432,7,'ORDEN DE TRABAJO Y SERVICIOS','-','BLOCK','7/1432',6.000,1,NULL),
  (1433,2,'ORINGS','-','PIEZA','2/1433',0.000,1,NULL),
  (1434,12,'OVEROL TERMICO','-','PIEZA','12/1434',9.000,1,NULL),
  (1435,12,'OVEROLES ','-','PIEZA','12/1435',38.000,1,NULL),
  (1436,13,'OXIGENO','-','PIEZA','13/1436',1.000,1,NULL),
  (1437,1,'PAD MAUS','-','PIEZA','1/1437',0.000,1,NULL),
  (1438,10,'PAJA','-','AMARRO','10/1438',0.000,1,NULL),
  (1439,8,'PALA PUNTA CUADRADA','-','PIEZA','8/1439',0.000,1,NULL),
  (1440,21,'PALAGANAS','-','-','21/1440',0.000,1,NULL),
  (1441,8,'PALANCAS PARA LLANTAS','-','JUEGO','8/1441',0.000,1,NULL),
  (1442,20,'PALANCAS VARIOS','-','PIEZA','20/1442',0.000,1,NULL),
  (1443,2,'PALANGANAS','-','-','2/1443',0.000,1,NULL),
  (1444,8,'PALAS PUNTA HUEVO ','-','PIEZA','8/1444',0.000,1,NULL),
  (1445,26,'PALETAS DE PIN PON','-','PAR','26/1445',0.000,1,NULL),
  (1446,8,'PALITAS DE TRASPLANTE','-','PIEZA','8/1446',0.000,1,NULL),
  (1447,21,'PALITOS DE HELADOS','-','BOLSA','21/1447',0.000,1,NULL),
  (1448,1,'PANEL SOLAR','-','-','1/1448',0.000,1,NULL),
  (1449,21,'PANERO','-','PIEZA','21/1449',0.000,1,NULL),
  (1450,15,'PANTALLA ACRILICO','-','PIEZA','15/1450',0.000,1,NULL),
  (1451,15,'PANTALLA CIRCULAR','-','-','15/1451',0.000,1,NULL),
  (1452,15,'PANTALLA CON BRAZO PARA EXTERIOR','-','PIEZA','15/1452',0.000,1,NULL),
  (1453,15,'PANTALLA DECORATIVA DIFUSOR','-','-','15/1453',0.000,1,NULL),
  (1454,15,'PANTALLAS  DE 2 X 40 SIN TUBOS FLUORESCENTES ','-','PIEZA','15/1454',0.000,1,NULL),
  (1455,15,'PANTALLAS COMPLETAS','-','PIEZA','15/1455',0.000,1,NULL),
  (1456,15,'PANTALLAS DE HALURO COMPLETOS','-','PIEZA','15/1456',0.000,1,NULL),
  (1457,15,'PANTALLAS DE SODIO DE 250 W','-','PIEZA','15/1457',0.000,1,NULL),
  (1458,12,'PANTALON','-','PIEZA','12/1458',9.000,1,NULL),
  (1459,11,'PANTOGRAMA','-','PIEZA','11/1459',0.000,1,NULL),
  (1460,9,'PANTOSCOPIO','-','-','9/1460',0.000,1,NULL),
  (1461,11,'PAPEL BOND MEDIO PLIEGO','-','HOJA','11/1461',0.000,1,NULL),
  (1462,11,'PAPEL BOND T/A4','-','HOJA','11/1462',0.000,1,NULL),
  (1463,11,'PAPEL BOND T/CARTA A COLORES','-','HOJA','11/1463',10825.000,1,NULL),
  (1464,11,'PAPEL BOND T/CARTA COLORES ESPECIALES','-','HOJA','11/1464',0.000,1,NULL),
  (1465,11,'PAPEL BOND T/CARTA DE 75 GRMS','-','HOJA','11/1465',97450.000,1,NULL),
  (1466,11,'PAPEL BOND T/CARTA DE COLOR SIMPLE ','-','HOJA','11/1466',0.000,1,NULL),
  (1467,11,'PAPEL BOND T/OFICIO A COLORES','-','HOJA','11/1467',0.000,1,NULL),
  (1468,11,'PAPEL BOND T/OFICIO DE 75 GRMS ','-','HOJA','11/1468',30350.000,1,NULL),
  (1469,11,'PAPEL BOND T/PLIEGO','-','PLIEGO','11/1469',600.000,1,NULL),
  (1470,10,'PAPEL CARBONICO','-','HOJA','10/1470',535.000,1,NULL),
  (1471,11,'PAPEL CEBOLLA','-','HOJA','11/1471',0.000,1,NULL),
  (1472,11,'PAPEL CONTINUO C/COPIA T/C','-','HOJAS','11/1472',7200.000,1,NULL),
  (1473,11,'PAPEL CONTINUO S/COPIA T/C','-','HOJA','11/1473',2530.000,1,NULL),
  (1474,11,'PAPEL CONTINUO TIPO PLANILLERO','-','HOJA','11/1474',0.000,1,NULL),
  (1475,11,'PAPEL COPIA T/0FICIO ','-','HOJAS','11/1475',0.000,1,NULL),
  (1476,11,'PAPEL CREPÉ','-','HOJA','11/1476',0.000,1,NULL),
  (1477,11,'PAPEL ESTAÑADO','-','-','11/1477',0.000,1,NULL),
  (1478,11,'PAPEL FAX','-','PIEZA','11/1478',12.000,1,NULL),
  (1479,11,'PAPEL FOSFORECENTE T/OFICIO','-','HOJA','11/1479',0.000,1,NULL),
  (1480,11,'PAPEL FOSFORECENTE T/PLIEGO','-','PLIEGO','11/1480',0.000,1,NULL),
  (1481,21,'PAPEL HIGIENICO','-','PAQUETE','21/1481',12.000,1,NULL),
  (1482,11,'PAPEL LINEADO','-','BLOCK','11/1482',0.000,1,NULL),
  (1483,11,'PAPEL LUSTRE','-','PLIEGO','11/1483',0.000,1,NULL),
  (1484,11,'PAPEL MADERA','-','PLIEGO','11/1484',0.000,1,NULL),
  (1485,11,'PAPEL MANTEQUILLA ','-','HOJA','11/1485',0.000,1,NULL),
  (1486,11,'PAPEL REGALO','-','PLIEGO','11/1486',0.000,1,NULL),
  (1487,11,'PAPEL SABANA T/OFICIO','-','HOJA','11/1487',80.000,1,NULL),
  (1488,11,'PAPEL SABANA T/PLIEGO','-','PLIEGO','11/1488',213.000,1,NULL),
  (1489,11,'PAPEL SABANA TAMAÑO OFICIO','-','HOJA','11/1489',0.000,1,NULL),
  (1490,11,'PAPEL SEDA','-','PLIEGO','11/1490',0.000,1,NULL),
  (1491,11,'PAPEL TROQUELADO C/COPIA','-','CAJA','11/1491',3.000,1,NULL),
  (1492,11,'PAPEL VEGETAL','-','HOJA','11/1492',0.000,1,NULL),
  (1493,11,'PAPELERO DE PLASTICO','-','JUEGO','11/1493',0.000,1,NULL),
  (1494,20,'PARABRISAS','-','PIEZA','20/1494',0.000,1,NULL),
  (1495,22,'PARACETAMOL','-','TABLETAS','22/1495',0.000,1,NULL),
  (1496,20,'PARACHOQUE','-','PIEZA','20/1496',0.000,1,NULL),
  (1497,15,'PARARRAYOS','-','PIEZA','15/1497',2.000,1,NULL),
  (1498,8,'PARCHADORAS DE NEOMATICOS','-','PIEZA','8/1498',0.000,1,NULL),
  (1499,20,'PARCHES','-','-','20/1499',0.000,1,NULL),
  (1500,12,'PARKAS','-','PIEZA','12/1500',16.000,1,NULL);
COMMIT;

#
# Data for the `articulo` table  (LIMIT 1500,500)
#

INSERT INTO `articulo` (`articulo_id`, `categoria_id`, `articulo_nombre`, `articulo_marca`, `articulo_industria`, `articulo_codigo`, `articulo_saldo`, `estado_id`, `umanejo_id`) VALUES 
  (1501,20,'PARLANTES DE AUTOMOVILES ','-','PIEZA','20/1501',0.000,1,NULL),
  (1502,1,'PARLANTES DE COMPUTADORAS','-','JUEGO','1/1502',0.000,1,NULL),
  (1503,1,'PARLANTESPARA AMPLIFICACION','-','PIEZA','1/1503',0.000,1,NULL),
  (1504,20,'PARRILLA DE ALUMINIO','-','PIEZA','20/1504',0.000,1,NULL),
  (1505,21,'PASACALLE','-','PIEZA','21/1505',0.000,1,NULL),
  (1506,20,'PASADOR ABIERTO','-','PIEZA','20/1506',0.000,1,NULL),
  (1507,20,'PASADOR DE MUELLE','-','PIEZA','20/1507',0.000,1,NULL),
  (1508,20,'PASADOR DE PUNTA EJE','-','JUEGO','20/1508',0.000,1,NULL),
  (1509,9,'PASTA DENTAL','-','PIEZA','9/1509',0.000,1,NULL),
  (1510,20,'PASTILLA DE FRENO','1374','PIEZA','20/1510',0.000,1,NULL),
  (1511,20,'PASTILLAS DELANTERAS','-','JUEGO','20/1511',0.000,1,NULL),
  (1512,21,'PASTO OVILLO','-','-','21/1512',0.000,1,NULL),
  (1513,8,'PATA DE VABRA','-','-','8/1513',0.000,1,NULL),
  (1514,21,'PATAS DE RANA','-','PAR','21/1514',0.000,1,NULL),
  (1515,7,'PATENTE ANUAL','-','PIEZA','7/1515',0.000,1,NULL),
  (1516,8,'PATO','-','PIEZA','8/1516',0.000,1,NULL),
  (1517,21,'PAYASA DE PAJA','-','PIEZA','21/1517',0.000,1,NULL),
  (1518,1,'PEDESTAL DE MICROFONO','-','PIEZA','1/1518',0.000,1,NULL),
  (1519,21,'PEDESTAL PARA PARLANTES','-','PIEZA','21/1519',0.000,1,NULL),
  (1520,2,'PEDESTALES PARA LAVAMANOS','-','PIEZA','2/1520',0.000,1,NULL),
  (1521,7,'PEDIDO DE ADQUISICIÓN DE MATERIALES','-','BLOCK','7/1521',32.000,1,NULL),
  (1522,7,'PEDIDO DE HERRAMIENTAS','-','-','7/1522',0.000,1,NULL),
  (1523,10,'PEGA PARQUET','-','LITRO','10/1523',0.000,1,NULL),
  (1524,21,'PEGAMENTO ASFALTICO','-','METROS','21/1524',0.000,1,NULL),
  (1525,11,'PEGAMENTO GOTITA','-','PIEZA','11/1525',0.000,1,NULL),
  (1526,11,'PEGAMENTO ISOCOLA','-','PIEZA','11/1526',0.000,1,NULL),
  (1527,21,'PEGAMENTO POXIPOL','-','PIEZA','21/1527',0.000,1,NULL),
  (1528,21,'PEGAMENTO RIBOCOLA','-','LITRO','21/1528',0.000,1,NULL),
  (1529,11,'PEGAMENTO UHU','-','BARRA','11/1529',52.000,1,NULL),
  (1530,2,'PEGAMENTO VISAFIX PVC','-','LITRO','2/1530',0.000,1,NULL),
  (1531,8,'PEINETAS PARA PIRULEADOR','-','-','8/1531',0.000,1,NULL),
  (1532,21,'PELOTAS DE KHAJCHA','-','PIEZA','21/1532',0.000,1,NULL),
  (1533,1,'PEN DRIVE','-','-','1/1533',0.000,1,NULL),
  (1534,22,'PENICILINA LIQUIDA','-','PIEZAS ','22/1534',0.000,1,NULL),
  (1535,21,'PERA DE CUERO','-','PIEZA','21/1535',0.000,1,NULL),
  (1536,21,'PERA LOCA','-','PIEZA','21/1536',0.000,1,NULL),
  (1537,11,'PERFORADORA  MEDIANAS','-','PIEZA','11/1537',0.000,1,NULL),
  (1538,11,'PERFORADORA GRANDE','-','PIEZA','11/1538',0.000,1,NULL),
  (1539,11,'PERFORADORA PARA ANILLADOS','-','PIEZA','11/1539',0.000,1,NULL),
  (1540,11,'PERFORADORAS CON FIGURAS','-','PIEZA','11/1540',0.000,1,NULL),
  (1541,21,'PERGAMINOS','-','-','21/1541',0.000,1,NULL),
  (1542,20,'PERNO CENTRAL','-','-','20/1542',0.000,1,NULL),
  (1543,18,'PERNOS','-','PIEZA','18/1543',0.000,1,NULL),
  (1544,18,'PERNOS 1/2 X 1\"','-','PIEZA','18/1544',0.000,1,NULL),
  (1545,18,'PERNOS 1/2 X 9','-','PIEZAS','18/1545',0.000,1,NULL),
  (1546,18,'PERNOS COCHE','-','PIEZA','18/1546',0.000,1,NULL),
  (1547,18,'PERNOS DE 1/4  X 1\"','-','PIEZA','18/1547',0.000,1,NULL),
  (1548,18,'PERNOS DE ALTA CABEZA PLANA','-','PIEZA','18/1548',0.000,1,NULL),
  (1549,20,'PERNOS DE SUJECION','-','PIEZA','20/1549',0.000,1,NULL),
  (1550,20,'PERNOS ESTABILIZADOR','-','PIEZA','20/1550',0.000,1,NULL),
  (1551,18,'PERNOS J','-','PIEZA','18/1551',0.000,1,NULL),
  (1552,15,'PERNOS MAQUINA','-','PIEZA','15/1552',0.000,1,NULL),
  (1553,18,'PERNOS OJO','-','PIEZA','18/1553',0.000,1,NULL),
  (1554,18,'PERNOS PARA UÑETAS','-','PIEZA','18/1554',0.000,1,NULL),
  (1555,21,'PEROLES SARTENES','-','-','21/1555',0.000,1,NULL),
  (1556,15,'PERTIGA DE 3 Y 5 ELEMENTOS','-','PIEZA','15/1556',0.000,1,NULL),
  (1557,11,'PESTAÑAS LARGAS','-','PIEZA','11/1557',0.000,1,NULL),
  (1558,11,'PESTAÑAS SEPARADORES','-','PIEZA','11/1558',169.000,1,NULL),
  (1559,16,'PETARDOS','-','-','16/1559',0.000,1,NULL),
  (1560,5,'PICAPORTES','-','PIEZA','5/1560',0.000,1,NULL),
  (1561,8,'PICO DE LORO','-','PIEZA','8/1561',0.000,1,NULL),
  (1562,8,'PICOTAS','-','PIEZA','8/1562',0.000,1,NULL),
  (1563,10,'PICOTAS AGRICOLAS','-','PIEZA','10/1563',0.000,1,NULL),
  (1564,7,'PIE DE FIRMAS AUTOMATICOS','-','PIEZA','7/1564',1.000,1,NULL),
  (1565,7,'PIE DE FIRMAS MANUALES','-','PIEZA','7/1565',0.000,1,NULL),
  (1566,1,'PIEDRA BOLON','-','VOLQUETA','1/1566',0.000,1,NULL),
  (1567,10,'PIEDRA CANTEADA','-','-','10/1567',0.000,1,NULL),
  (1568,1,'PIEDRA CORRIENTE','-','VOLQUETA','1/1568',0.000,1,NULL),
  (1569,8,'PIEDRA ESMERIL','-','PIEZA','8/1569',0.000,1,NULL),
  (1570,10,'PIEDRA MANZANA','-','VOLQUETA','10/1570',0.000,1,NULL),
  (1571,9,'PIJAMAS ADULTOS HOMBRES','-','-','9/1571',0.000,1,NULL),
  (1572,15,'PILAS  DOBLE A RAYO VAC','-','PAR','15/1572',29.000,1,NULL),
  (1573,15,'PILAS  DOBLE A RECARGABLES','-','PIEZA','15/1573',0.000,1,NULL),
  (1574,15,'PILAS DOBLE A DURACELL','-','PAR','15/1574',23.000,1,NULL),
  (1575,15,'PILAS GRANDES','-','CAJA','15/1575',9.000,1,NULL),
  (1576,15,'PILAS TRIPLE A DURACELL','-','PAR','15/1576',7.000,1,NULL),
  (1577,15,'PILAS TRIPLE A RECARGABLES','-','PIEZA','15/1577',4.000,1,NULL),
  (1578,11,'PINCELES ','-','PIEZA','11/1578',0.000,1,NULL),
  (1579,15,'PINES METALICOS ','-','PIEZA','15/1579',0.000,1,NULL),
  (1580,21,'PINTURA AL DEDO','-','DOCENA','21/1580',0.000,1,NULL),
  (1581,19,'PINTURA ANTICORROSIVA','-','LITRO','19/1581',0.000,1,NULL),
  (1582,19,'PINTURA CON BRILLO','-','LITRO','19/1582',0.000,1,NULL),
  (1583,19,'PINTURA EN SPRAY VARIOS COLORES','-','LATA','19/1583',2.000,1,NULL),
  (1584,19,'PINTURA LATEX DIFERENTES COLORES','-','LITRO','19/1584',0.000,1,NULL),
  (1585,19,'PINTURA PARA PIZARRA','-','PIEZA','19/1585',0.000,1,NULL),
  (1586,5,'PINTURA SENSO- MEDIO','-','LITRO','5/1586',0.000,1,NULL),
  (1587,19,'PINTURA SINSA MEDIO PLOMO','-','-','19/1587',0.000,1,NULL),
  (1588,19,'PINTURA SINTE PLAST ACRILICO LATEX','-','LITRO','19/1588',0.000,1,NULL),
  (1589,19,'PINTURAS AL MATE DIFERENTES COLORES','-','LITRO','19/1589',0.000,1,NULL),
  (1590,19,'PINTURAS AL OLEO DIFERENTES COLORES','-','LITRO','19/1590',28.000,1,NULL),
  (1591,15,'PINZA AMPERIMETRICA','-','PIEZA','15/1591',0.000,1,NULL),
  (1592,1,'PINZA CLIMPER DE RED','-','PIEZA','1/1592',0.000,1,NULL),
  (1593,9,'PINZAS KOCHER RECTAS DE 20 CM Y OTROS','-','-','9/1593',0.000,1,NULL),
  (1594,8,'PINZAS PARA SOLDAR','-','PIEZA','8/1594',0.000,1,NULL),
  (1595,9,'PINZAS REKESTER PEAN RECTAS DE 22CM/OTROS','-','-','9/1595',0.000,1,NULL),
  (1596,20,'PIÑON DE MOTOCICLETA','-','PIEZA','20/1596',0.000,1,NULL),
  (1597,20,'PIÑON DE REDUCCION','-','-','20/1597',0.000,1,NULL),
  (1598,8,'PIÑON PARA RODADORA','-','-','8/1598',0.000,1,NULL),
  (1599,8,'PIOLA SOGA VARIAS MEDIDAS','-','METRO','8/1599',60.000,1,NULL),
  (1600,8,'PIRULEADOR','-','PIEZA','8/1600',0.000,1,NULL),
  (1601,11,'PISAPAPELES','-','CAJA','11/1601',0.000,1,NULL),
  (1602,21,'PISO DE TELA','-','PIEZA','21/1602',0.000,1,NULL),
  (1603,10,'PISO PARQUET','-','M2','10/1603',0.000,1,NULL),
  (1604,21,'PISOS DE GOMA','-','PIEZA','21/1604',0.000,1,NULL),
  (1605,21,'PISOS DE GOMA DE ALTO TRAFICO','-','METRO','21/1605',0.000,1,NULL),
  (1606,20,'PISOS DE GOMA P'' VEHICULOS','-','PIEZA','20/1606',0.000,1,NULL),
  (1607,20,'PISTAS DE DIRECCION','-','JUEGO','20/1607',0.000,1,NULL),
  (1608,1,'PISTOLA  CODIFICADORA','-','PIEZA','1/1608',0.000,1,NULL),
  (1609,1,'PISTOLA DE SOLDAR ESTAÑO','-','PIEZA','1/1609',0.000,1,NULL),
  (1610,8,'PISTOLA PARA SILICONA','-','-','8/1610',0.000,1,NULL),
  (1611,20,'PISTON','-','PIEZA','20/1611',0.000,1,NULL),
  (1612,21,'PITA PLASTICA','-','METRO','21/1612',0.000,1,NULL),
  (1613,21,'PITOS FOX','-','PIEZA','21/1613',0.000,1,NULL),
  (1614,20,'PIVOTES','-','-','20/1614',0.000,1,NULL),
  (1615,17,'PIZARRAS ACRILICAS','-','PIEZA','17/1615',0.000,1,NULL),
  (1616,11,'PIZARRONES','-','PIEZA','11/1616',0.000,1,NULL),
  (1617,17,'PIZARRONES NORMALES ','-','-','17/1617',0.000,1,NULL),
  (1618,11,'PLACA ACRILICAS','-','HOJA','11/1618',0.000,1,NULL),
  (1619,1,'PLACA PARA CINTA','-','-','1/1619',0.000,1,NULL),
  (1620,15,'PLACA TELEFONICA','-','-','15/1620',0.000,1,NULL),
  (1621,15,'PLACAS','-','-','15/1621',0.000,1,NULL),
  (1622,21,'PLACAS EPEM','-','PIEZA','21/1622',0.000,1,NULL),
  (1623,21,'PLALETAS DE MADERA','-','-','21/1623',0.000,1,NULL),
  (1624,6,'PLANCHA CORRUGADO','-','HOJA','6/1624',0.000,1,NULL),
  (1625,8,'PLANCHA DE ALBAÑIL','-','PIEZA','8/1625',0.000,1,NULL),
  (1626,6,'PLANCHA VARIAS  MEDIDAS','-','HOJA','6/1626',0.000,1,NULL),
  (1627,1,'PLANCHAS DE COSTURA','-','PIEZA','1/1627',0.000,1,NULL),
  (1628,7,'PLANILLA DE DEFICIENCIAS AUDITORIA','-','-','7/1628',0.000,1,NULL),
  (1629,7,'PLANILLA DE DEFICIENCIAS DE CONTROL INTERNO','-','-','7/1629',0.000,1,NULL),
  (1630,7,'PLANILLA DE RENDICIÓN DE CUENTAS','-','BLOCK','7/1630',0.000,1,NULL),
  (1631,7,'PLANILLA SUMATORIA DE AUDITORIA','-','-','7/1631',0.000,1,NULL),
  (1632,21,'PLANTINES DE MANZANA EN PIE DE MARUBA','-','PIEZA','21/1632',0.000,1,NULL),
  (1633,21,'PLANTINES VARIOS','-','PIEZA','21/1633',0.000,1,NULL),
  (1634,1,'PLASTIFICADORA','-','PIEZA','1/1634',0.000,1,NULL),
  (1635,11,'PLASTILINA','-','CAJA','11/1635',0.000,1,NULL),
  (1636,11,'PLASTOFORMOS VARIOS ','-','PIEZA','11/1636',0.000,1,NULL),
  (1637,10,'PLATABANDAS','-','-','10/1637',0.000,1,NULL),
  (1638,21,'PLATILLOS ','-','PIEZA','21/1638',0.000,1,NULL),
  (1639,20,'PLATINO','-','PIEZA','20/1639',0.000,1,NULL),
  (1640,21,'PLATOS Y PLATILLOS','-','PIEZA','21/1640',0.000,1,NULL),
  (1641,8,'PLOMADA PARA ALBAÑIL','-','PIEZA','8/1641',0.000,1,NULL),
  (1642,1,'PLOTTERS HP ','-','-','1/1642',0.000,1,NULL),
  (1643,21,'PLUBS MONO','-','PIEZA','21/1643',0.000,1,NULL),
  (1644,21,'PLUBS STEREO','-','PIEZA','21/1644',0.000,1,NULL),
  (1645,8,'PLUMA DE VARIAS TONELADAS','-','-','8/1645',0.000,1,NULL),
  (1646,21,'PLUMERO','-','PIEZA','21/1646',0.000,1,NULL),
  (1647,1,'PLUS RCA METALICOS','-','PIEZAS','1/1647',0.000,1,NULL),
  (1648,15,'PLUSB CHUPETE A COPLE RCA','-','PIEZA','15/1648',0.000,1,NULL),
  (1649,8,'PODADORA MANUAL DE PASTO','-','-','8/1649',0.000,1,NULL),
  (1650,1,'PODER PARA AMPLIFICACIÓN','-','EQUIPO','1/1650',0.000,1,NULL),
  (1651,26,'PODIO','-','PIEZA','26/1651',0.000,1,NULL),
  (1652,20,'POLEAS','-','PIEZA','20/1652',0.000,1,NULL),
  (1653,21,'POLERAS','-','-','21/1653',0.000,1,NULL),
  (1654,16,'POLITRIN','-','-','16/1654',0.000,1,NULL),
  (1655,2,'POLITUBO','-','METRO','2/1655',0.000,1,NULL),
  (1656,20,'POMADA P'' ASENTAR VALVULAS','-','-','20/1656',0.000,1,NULL),
  (1657,13,'POMADA PARA SOLDAR','-','PIEZA','13/1657',0.000,1,NULL),
  (1658,9,'POMADAS EN GENERAL','-','-','9/1658',0.000,1,NULL),
  (1659,15,'PONCHADORES','-','-','15/1659',0.000,1,NULL),
  (1660,2,'PONCHILLOS','-','-','2/1660',0.000,1,NULL),
  (1661,21,'PONCHILLOS DEPORTIVOS','-','PIEZA','21/1661',0.000,1,NULL),
  (1662,12,'PONCHOS IMPERMEABLES','-','PIEZA','12/1662',4.000,1,NULL),
  (1663,9,'PORIDONA YODADA','-','-','9/1663',0.000,1,NULL),
  (1664,9,'PORTA AGUJA MAYO HEGAR','-','-','9/1664',0.000,1,NULL),
  (1665,20,'PORTA ALOGENO','-','PIEZA','20/1665',0.000,1,NULL),
  (1666,20,'PORTA CARBON','-','PIEZA','20/1666',0.000,1,NULL),
  (1667,11,'PORTA CD''s','-','PIEZA','11/1667',0.000,1,NULL),
  (1668,11,'PORTA CINTA DE EMBALAJE (DISPENSADOR)','-','PIEZA','11/1668',0.000,1,NULL),
  (1669,11,'PORTA CLIPS','-','PIEZA','11/1669',1.000,1,NULL),
  (1670,11,'PORTA CREDENCIAL','-','PIEZA','11/1670',0.000,1,NULL),
  (1671,8,'PORTA ELECTRODOS','-','PIEZA','8/1671',0.000,1,NULL),
  (1672,10,'PORTA EXFOLIADOR','-','PIEZA','10/1672',0.000,1,NULL),
  (1673,20,'PORTA FAROL','-','-','20/1673',0.000,1,NULL),
  (1674,15,'PORTA FUSIBLE','-','PIEZA','15/1674',0.000,1,NULL),
  (1675,21,'PORTA GLICERINA','-','PIEZA','21/1675',0.000,1,NULL),
  (1676,11,'PORTA LAPICEROS','-','PIEZA','11/1676',0.000,1,NULL),
  (1677,11,'PORTA MEMO STICK ','-','PIEZA','11/1677',0.000,1,NULL),
  (1678,11,'PORTA MINAS','-','PIEZA','11/1678',0.000,1,NULL),
  (1679,21,'PORTA PAPEL HIGIENICO','-','PIEZA','21/1679',0.000,1,NULL),
  (1680,11,'PORTA PAPELES METALICOS ','-','PIEZA','11/1680',0.000,1,NULL),
  (1681,11,'PORTA SELLOS ','-','PIEZA','11/1681',2.000,1,NULL),
  (1682,9,'PORTA SUEROS','-','-','9/1682',0.000,1,NULL),
  (1683,11,'PORTA YUREX (DISPENSADOR)','-','PIEZA','11/1683',0.000,1,NULL),
  (1684,15,'POSTE DE HORMIGON ARMADO','-','PIEZA','15/1684',0.000,1,NULL),
  (1685,15,'POSTE DE PALMA Y EUCALIPTO','-','PIEZA','15/1685',0.000,1,NULL),
  (1686,26,'POSTES DE VOLEIBOL','-','PIEZA','26/1686',0.000,1,NULL),
  (1687,15,'POSTES METALICOS','-','-','15/1687',0.000,1,NULL),
  (1688,7,'PRECINTOS DE CLAUSURA','-','PIEZA','7/1688',0.000,1,NULL),
  (1689,15,'PREFORMADO FINAL','-','-','15/1689',0.000,1,NULL),
  (1690,9,'PREMANDILES QUIRURGICOS','-','-','9/1690',0.000,1,NULL),
  (1691,20,'PRENSA DE EMBRIAGUE','-','PIEZA','20/1691',0.000,1,NULL),
  (1692,8,'PRENSA EN C','-','PIEZA','8/1692',0.000,1,NULL),
  (1693,8,'PRENSA MECANICA','-','PIEZA','8/1693',0.000,1,NULL),
  (1694,8,'PRENSA PORTATIL','-','PIEZA','8/1694',0.000,1,NULL),
  (1695,1,'PRESCOM (SOFWARE PARA PRESUPUESTOS CD)','-','-','1/1695',0.000,1,NULL),
  (1696,15,'PROBADOR DE ENERGIA','-','-','15/1696',0.000,1,NULL),
  (1697,13,'PROCAS DIAMANTADAS','-','PIEZA','13/1697',0.000,1,NULL),
  (1698,7,'PROGRAMA DE TRABAJO DE AUDITORIA','-','-','7/1698',0.000,1,NULL),
  (1699,12,'PROTECTOR AUDITIVO EXTERNO','-','PIEZA','12/1699',6.000,1,NULL),
  (1700,21,'PROTECTOR DE CABEZA DE BOXEO','-','PAR','21/1700',0.000,1,NULL),
  (1701,21,'PROTECTOR DE GENITAL','-','PAR','21/1701',0.000,1,NULL),
  (1702,20,'PROTECTOR DE MANO','-','-','20/1702',0.000,1,NULL),
  (1703,1,'PROTECTOR DE PANTALLA','-','PIEZA','1/1703',0.000,1,NULL),
  (1704,20,'PROTECTOR DE PUÑETERAS ','-','PIEZA','20/1704',0.000,1,NULL),
  (1705,20,'PROTECTOR DE SOL (DE AUTOMOVIL)','-','PIEZA','20/1705',0.000,1,NULL),
  (1706,20,'PROTECTOR DE TABLERO EN TAPIZ','-','PIEZA','20/1706',0.000,1,NULL),
  (1707,10,'PROTECTOR DE VENTANAS','-','-','10/1707',0.000,1,NULL),
  (1708,20,'PROTECTOR DE VOLANTE','-','PIEZA','20/1708',0.000,1,NULL),
  (1709,9,'PROTECTOR PARA CASCO','-','PIEZA','9/1709',0.000,1,NULL),
  (1710,8,'PROTECTORES ARCO','-','PIEZA','8/1710',0.000,1,NULL),
  (1711,1,'PROYECTOR','-','PIEZA','1/1711',0.000,1,NULL),
  (1712,15,'PROYECTOR CON DIFUSOR','-','PIEZA','15/1712',0.000,1,NULL),
  (1713,10,'PUERTAS DE ALUMINIO','-','PIEZA','10/1713',0.000,1,NULL),
  (1714,10,'PUERTAS DE MADERA','-','PIEZA','10/1714',0.000,1,NULL),
  (1715,1,'PUERTAS METALICAS','-','PIEZA','1/1715',0.000,1,NULL),
  (1716,12,'PULMOSAN','-','PIEZA','12/1716',4.000,1,NULL),
  (1717,11,'PUNCHS SUJETADORES','-','CAJA','11/1717',0.000,1,NULL),
  (1718,20,'PUNTA EJE','-','JUEGO','20/1718',0.000,1,NULL),
  (1719,8,'PUNTAS','-','PIEZA','8/1719',0.000,1,NULL),
  (1720,20,'PUNTERAS','-','PIEZA','20/1720',0.000,1,NULL),
  (1721,21,'PUNTERO LASSER','-','PIEZA','21/1721',0.000,1,NULL),
  (1722,8,'PUÑAL','-','PIEZA','8/1722',0.000,1,NULL),
  (1723,9,'PUPINEL','-','-','9/1723',0.000,1,NULL),
  (1724,17,'PUPITRES UNIPERSONALES','-','PIEZA','17/1724',0.000,1,NULL),
  (1725,1,'QUEMADOR DE DVD','-','PIEZA','1/1725',0.000,1,NULL),
  (1726,1,'QUEMADOR GRABADOR MULTIFUNCIONAL DVD','-','PIEZA','1/1726',0.000,1,NULL),
  (1727,1,'RACK PARA EQUIPOS DE SONIDO','-','PIEZA','1/1727',0.000,1,NULL),
  (1728,15,'RACKS VARIOS','-','PIEZA','15/1728',10.000,1,NULL),
  (1729,20,'RADIO CON CD PARA VEHICULOS','SONNY','PIEZA','20/1729',0.000,1,NULL),
  (1730,20,'RADIO CON LECTOR MULTIFORMATO','-','PIEZA','20/1730',0.000,1,NULL),
  (1731,1,'RADIO GRABADORA CON CD''s','-','PIEZA','1/1731',0.000,1,NULL),
  (1732,1,'RADIO PORTATIL ','-','PIEZA','1/1732',0.000,1,NULL),
  (1733,20,'RADIOS PARA RUEDA DE MOTO','-','-','20/1733',0.000,1,NULL),
  (1734,1,'RAK DE INSTALACIÓN DE AMPLIFICACIÓN','-','PIEZA','1/1734',0.000,1,NULL),
  (1735,21,'RALLADOR','-','-','21/1735',0.000,1,NULL),
  (1736,15,'RAMPLUS','-','PIEZA','15/1736',24.000,1,NULL),
  (1737,21,'RAQUETAS','-','PIEZA','21/1737',0.000,1,NULL),
  (1738,8,'RASTRILLO','-','PIEZA','8/1738',0.000,1,NULL),
  (1739,21,'RATICIDA','-','-','21/1739',0.000,1,NULL),
  (1740,21,'RAY GRAS','-','KILO','21/1740',0.000,1,NULL),
  (1741,20,'RAYNIQUIZADO','-','PIEZA','20/1741',0.000,1,NULL),
  (1742,15,'REACTANCIA DE 20 W','-','PIEZA','15/1742',0.000,1,NULL),
  (1743,15,'REACTANCIAS DE 40 W','-','PIEZA','15/1743',20.000,1,NULL),
  (1744,15,'REACTOR DE SODIO DE 250 WATTS','-','PIEZA','15/1744',0.000,1,NULL),
  (1745,15,'REACTOR DE SODIO DE 70 W','-','PIEZA','15/1745',0.000,1,NULL),
  (1746,15,'REACTORES VAPOR METALICO DE 400 W.TUBULAR','-','PIEZA','15/1746',0.000,1,NULL),
  (1747,1,'RECEPTOR DIGITAL','-','PIEZA','1/1747',0.000,1,NULL),
  (1748,7,'RECIBO CAJA CHICA ADMINISTRACION','-','BLOCK','7/1748',11.000,1,NULL),
  (1749,7,'RECIBO CAJA CHICA BALNEARIOS','-','BLOCK','7/1749',4.000,1,NULL),
  (1750,7,'RECIBO CAJA CHICA CONCEJO MUNICIPAL','-','BLOCK','7/1750',0.000,1,NULL),
  (1751,7,'RECIBO CAJA CHICA ENERGIA ELECTRICA','-','BLOCK','7/1751',0.000,1,NULL),
  (1752,7,'RECIBO CAJA CHICA OBRAS PUBLICAS','-','BLOCK','7/1752',0.000,1,NULL),
  (1753,7,'RECIBO CAJA CHICA S.A. 22 DE DICIEMBRE','-','BLOCK','7/1753',7.000,1,NULL),
  (1754,7,'RECIBO CAJA CHICA S.A. CATAVI','-','BLOCK','7/1754',0.000,1,NULL),
  (1755,7,'RECIBO CAJA CHICA S.A. CHULLPA','-','BLOCK','7/1755',4.000,1,NULL),
  (1756,7,'RECIBO CAJA CHICA S.A. SIKUYA','-','TLNRIO','7/1756',8.000,1,NULL),
  (1757,7,'RECIBO CAJA CHICA S.A. SXX','-','BLOCK','7/1757',4.000,1,NULL),
  (1758,7,'RECIBO CAJA CHICA TERMINAL','-','BLOCK','7/1758',8.000,1,NULL),
  (1759,7,'RECIBO CAMAL MUNICIPAL','-','BLOCK','7/1759',13.000,1,NULL),
  (1760,7,'RECIBO CANAL 6','-','BLOCK','7/1760',0.000,1,NULL),
  (1761,7,'RECIBO COLISEO PAULINA MEDRANO','-','BLOCK','7/1761',0.000,1,NULL),
  (1762,7,'RECIBO DE APORTES PAN','-','BLOCK','7/1762',0.000,1,NULL),
  (1763,7,'RECIBO DE DESCARGO','-','BLOCK','7/1763',16.000,1,NULL),
  (1764,7,'RECIBO DE ENERGIA ELECTRICA','-','HOJAS','7/1764',0.000,1,NULL),
  (1765,7,'RECIBO DE RECAUDACIONES','-','BLOCK','7/1765',6.000,1,NULL),
  (1766,7,'RECIBO ELABORACION CHICHA','-','BLOCK','7/1766',14.000,1,NULL),
  (1767,7,'RECIBO INTENDENCIA','-','BLOCK','7/1767',0.000,1,NULL),
  (1768,7,'RECIBO MERCADO CENTRAL','-','BLOCK','7/1768',1.000,1,NULL),
  (1769,7,'RECIBO PAN','-','BLOCK','7/1769',0.000,1,NULL),
  (1770,7,'RECIBO PROGRAMA PAN','-','BLOCK','7/1770',0.000,1,NULL),
  (1771,7,'RECIBO TRANCA LLALLAGUA','-','BLOCK','7/1771',0.000,1,NULL),
  (1772,7,'RECIBOS DE REQUISITOS DE TRAMITES DE BACHILLERES','-','BLOCK','7/1772',0.000,1,NULL),
  (1773,7,'RECIBOSSSSS','-','BLOCK','7/1773',11.000,1,NULL),
  (1774,8,'RECOLECTORES DE BASURA DE PLASTICO','-','PIEZA','8/1774',0.000,1,NULL),
  (1775,8,'RECOLECTORES DE BASURA DE PLASTICO MEDIANO','-','PIEZA','8/1775',0.000,1,NULL),
  (1776,21,'RED DE BASQUET','-','PAR','21/1776',0.000,1,NULL),
  (1777,21,'RED DE FUTBOL','-','PAR','21/1777',0.000,1,NULL),
  (1778,21,'RED DE VOLEIBOL','-','PIEZA','21/1778',0.000,1,NULL),
  (1779,21,'REDES,FUTBOL,BASQUET,BOLEYBOL','-','PIEZA','21/1779',0.000,1,NULL),
  (1780,2,'REDUCCION  DE 1 A 3/4','-','PIEZA','2/1780',0.000,1,NULL),
  (1781,2,'REDUCCION DE 4 A 3','-','PIEZA','2/1781',0.000,1,NULL),
  (1782,2,'REDUCCION FG  DE 1 1/2\" A 1\"','-','PIEZA','2/1782',0.000,1,NULL),
  (1783,2,'REDUCCION FG DE 1 1/2 A 1/2','-','PIEZA','2/1783',49.000,1,NULL),
  (1784,2,'REDUCCION FG DE 1 A 1/2','-','PIEZA','2/1784',39.000,1,NULL),
  (1785,2,'REDUCCION FG DE 2 A 1','-','PIEZA','2/1785',0.000,1,NULL),
  (1786,2,'REDUCCION FG DE 2 A 1 1/2','-','PIEZA','2/1786',10.000,1,NULL),
  (1787,2,'REDUCCION FG DE 2 A 1/2','-','PIEZA','2/1787',10.000,1,NULL),
  (1788,2,'REDUCCION FG DE 3 A 2','-','PIEZA','2/1788',0.000,1,NULL),
  (1789,2,'REDUCCION PVC ','-','PIEZA','2/1789',0.000,1,NULL),
  (1790,2,'REDUCCION PVC 3 1/2 A 2\"','-','PIEZA','2/1790',0.000,1,NULL),
  (1791,15,'REFLECTOR ALOGENO','-','PIEZA','15/1791',0.000,1,NULL),
  (1792,15,'REFLECTORES DE HALURO DE MERCURIO','-','PIEZA','15/1792',0.000,1,NULL),
  (1793,1,'REFRIGERADOR','-','-','1/1793',0.000,1,NULL),
  (1794,21,'REFRIGERADOR','-','-','21/1794',0.000,1,NULL),
  (1795,21,'REGADERAS','-','-','21/1795',0.000,1,NULL),
  (1796,2,'REGADERAS PARA DUCHAS','-','PIEZA','2/1796',28.000,1,NULL),
  (1797,7,'REGISTRO MUNICIPAL','-','PIEZA','7/1797',100.000,1,NULL),
  (1798,11,'REGLA METALICA DE 1 METRO','-','PIEZA','11/1798',0.000,1,NULL),
  (1799,11,'REGLA METALICA DE 60 CM','-','PIEZA','11/1799',0.000,1,NULL),
  (1800,11,'REGLAS DE PLASTICO','-','PIEZA','11/1800',0.000,1,NULL),
  (1801,11,'REGLAS METALICOS','-','PIEZA','11/1801',23.000,1,NULL),
  (1802,21,'REGLAS PARA CORTE Y CONFECCIÓN','-','-','21/1802',0.000,1,NULL),
  (1803,1,'REGULADOR DE VOLTAJE','-','PIEZA','1/1803',0.000,1,NULL),
  (1804,20,'REGULADORES','-','-','20/1804',0.000,1,NULL),
  (1805,21,'REJILLA METALICA FORJADA','-','METROS','21/1805',0.000,1,NULL),
  (1806,2,'REJILLAS','-','PIEZA','2/1806',0.000,1,NULL),
  (1807,20,'RELAY DE COMBUSTIBLE','-','PIEZA','20/1807',0.000,1,NULL),
  (1808,15,'RELAY TERMICO','-','PIEZA','15/1808',0.000,1,NULL),
  (1809,20,'RELAYS','-','PIEZA','20/1809',1.000,1,NULL),
  (1810,24,'RELOJ BIOMETRICO','-','PIEZA','24/1810',0.000,1,NULL),
  (1811,20,'RELOJ DE COMBUSTIBLE','-','-','20/1811',0.000,1,NULL),
  (1812,1,'RELOJ DE KILOMETRAJE','-','PIEZA','1/1812',0.000,1,NULL),
  (1813,1,'RELOJ DE PARED','-','PIEZA','1/1813',0.000,1,NULL),
  (1814,8,'REMACHADORA','-','PIEZA','8/1814',0.000,1,NULL),
  (1815,3,'REMACHES VARIOS','-','PIEZA','3/1815',0.000,1,NULL),
  (1816,20,'REPARO','-','JUEGO','20/1816',0.000,1,NULL),
  (1817,8,'REPENCIÓN','-','-','8/1817',0.000,1,NULL),
  (1818,1,'REPRODUCTOR CASSETTE DE AUDIO DEK','-','-','1/1818',0.000,1,NULL),
  (1819,1,'REPRODUCTOR DE CD , DVD , MP3,ETC.','-','PIEZA','1/1819',0.000,1,NULL),
  (1820,1,'REPRODUCTOR DVD , VHS','-','-','1/1820',0.000,1,NULL),
  (1821,1,'REPRODUCTOR JVC','-','-','1/1821',0.000,1,NULL),
  (1822,1,'REPRODUCTORES DE DVD','-','PIEZA','1/1822',0.000,1,NULL),
  (1823,7,'REQUERIMIENTO DE INFORME','-','BLOCK','7/1823',2.000,1,NULL),
  (1824,7,'REQUERIMIENTO DE MANTENIMIENTO DE E.E.','-','BLOCK','7/1824',0.000,1,NULL),
  (1825,7,'REQUERIMIENTO DE MATERIAL','-','BLOCK','7/1825',0.000,1,NULL),
  (1826,11,'RESALTADORES','-','PIEZA','11/1826',98.000,1,NULL),
  (1827,18,'RESORTE DE FRENO','-','PZA','18/1827',0.000,1,NULL),
  (1828,20,'RESORTE PARA EMBRIAGUE','-','PIEZA','20/1828',0.000,1,NULL),
  (1829,20,'RESORTE PARA PULMON','-','-','20/1829',0.000,1,NULL),
  (1830,18,'RESORTES PARA FRENOS','-','PZA','18/1830',0.000,1,NULL),
  (1831,7,'RESUMEN GENERAL DE AUDITORIA','-','-','7/1831',0.000,1,NULL),
  (1832,20,'RETENES VARIOS','-','PIEZA','20/1832',0.000,1,NULL),
  (1833,20,'RETROVISORES','-','PIEZA','20/1833',0.000,1,NULL),
  (1834,1,'REVELADOR DE ROLLOS FOTOGRFICOS','-','-','1/1834',0.000,1,NULL),
  (1835,15,'RIELES DE DISTRIBUCION DE EE.EE.','-','PZA','15/1835',0.000,1,NULL),
  (1836,15,'RIELES PARA TERMICOS','-','PIEZA','15/1836',0.000,1,NULL),
  (1837,10,'RIELES PARA VENTANAS','-','-','10/1837',0.000,1,NULL),
  (1838,9,'RIÑONERAS','-','-','9/1838',0.000,1,NULL),
  (1839,1,'RJ METALICOS','-','PIEZA','1/1839',0.000,1,NULL),
  (1840,21,'RODA PIES','-','-','21/1840',0.000,1,NULL),
  (1841,20,'RODAMIENTO','-','PIEZA','20/1841',0.000,1,NULL),
  (1842,20,'RODAMIENTO CENTRAL','-','PIEZA','20/1842',0.000,1,NULL),
  (1843,20,'RODAMIENTO DE BOLA','-','PIEZA','20/1843',0.000,1,NULL),
  (1844,20,'RODAMIENTO DE CAJA','-','PIEZA','20/1844',0.000,1,NULL),
  (1845,20,'RODAMIENTO DESPLAZADOR','-','PAQUETE','20/1845',1.000,1,NULL),
  (1846,20,'RODAMIENTO PARA MOTO','-','PIEZA','20/1846',0.000,1,NULL),
  (1847,20,'RODAMIENTO VIBRADOR','-','-','20/1847',0.000,1,NULL),
  (1848,10,'RODILLO DE ESPONJA','-','PIEZA','10/1848',0.000,1,NULL),
  (1849,8,'RODILLO DE LANA','-','PIEZA','8/1849',0.000,1,NULL),
  (1850,21,'RODILLO LIMPIA VIDRIO','-','PIEZA','21/1850',0.000,1,NULL),
  (1851,11,'ROLLO DE PELICULA','-','PIEZA','11/1851',0.000,1,NULL),
  (1852,21,'ROMANA','-','-','21/1852',0.000,1,NULL),
  (1853,23,'ROMPECABEZAS','-','PIEZA','23/1853',0.000,1,NULL),
  (1854,8,'RONDANA','-','-','8/1854',0.000,1,NULL),
  (1855,12,'ROPA DE GOMA','-','JUEGO','12/1855',0.000,1,NULL),
  (1856,12,'ROPA DE GOMA GRUESA','-','JUEGO','12/1856',0.000,1,NULL),
  (1857,17,'ROPEROS','-','-','17/1857',0.000,1,NULL),
  (1858,20,'ROSCA FUNDA DE EJE','-','-','20/1858',0.000,1,NULL),
  (1859,15,'ROSETAS TKIYS','-','-','15/1859',0.000,1,NULL),
  (1860,20,'ROTULAS','-','PIEZA','20/1860',0.000,1,NULL),
  (1861,21,'RUBINETE','-','PIEZA','21/1861',0.000,1,NULL),
  (1862,8,'SACA BOCADOS','-','JUEGO','8/1862',0.000,1,NULL),
  (1863,11,'SACAGRAPAS - DESENGRAMPADORA','-','PIEZA','11/1863',1.000,1,NULL),
  (1864,13,'SAL AMONIACO','-','-','13/1864',0.000,1,NULL),
  (1865,7,'SALIDA DE MATERIALES','-','BLOCK','7/1865',20.000,1,NULL),
  (1866,7,'SALIDA DE MINERALES','-','-','7/1866',0.000,1,NULL),
  (1867,22,'SANITIZADOR ','-','PIEZA','22/1867',0.000,1,NULL),
  (1868,8,'SAPITOS PARA CARRETILLA','-','-','8/1868',0.000,1,NULL),
  (1869,1,'SCANNER','-','PIEZA','1/1869',0.000,1,NULL),
  (1870,11,'SCOCHS YUREX','-','PIEZA','11/1870',59.000,1,NULL),
  (1871,21,'SCRACHS','-','METRO','21/1871',0.000,1,NULL),
  (1872,21,'SECADORES','-','PIEZA','21/1872',0.000,1,NULL),
  (1873,15,'SECCIONADORES DE BAJA TENCIÓN','-','-','15/1873',0.000,1,NULL),
  (1874,15,'SECCIONADORES DE FUSIBLES DE 10,15 KV,100 A.','-','PIEZA','15/1874',2.000,1,NULL),
  (1875,20,'SEGURO DE RUEDAS','-','-','20/1875',0.000,1,NULL),
  (1876,20,'SEGUROS DE PUERTAS','-','-','20/1876',0.000,1,NULL),
  (1877,19,'SELLADOR','-','LITRO','19/1877',10.000,1,NULL),
  (1878,20,'SELLO DE PISTON DE FRENO','-','PIEZA','20/1878',0.000,1,NULL),
  (1879,7,'SELLOS AUTOMATICOS GRANDES','-','PIEZA','7/1879',0.000,1,NULL),
  (1880,7,'SELLOS AUTOMATICOS PEQUEÑOS','-','PIEZA','7/1880',0.000,1,NULL),
  (1881,15,'SELLOS DE PLOMO','-','-','15/1881',0.000,1,NULL),
  (1882,11,'SELLOS MANUALES ','-','PIEZA','11/1882',2.000,1,NULL),
  (1883,2,'SEMICODOS FG ','-','PIEZA','2/1883',0.000,1,NULL),
  (1884,2,'SEMICODOS PVC ','-','PIEZA','2/1884',0.000,1,NULL),
  (1885,2,'SEMICODOS PVC 4\"','-','PIEZA','2/1885',0.000,1,NULL),
  (1886,15,'SEMICONDUCTORES','-','-','15/1886',0.000,1,NULL),
  (1887,21,'SEMILLA DE ALFA ALFA','-','-','21/1887',0.000,1,NULL),
  (1888,21,'SEMILLA HORTALIZA','-','-','21/1888',0.000,1,NULL),
  (1889,7,'SENTAJES DE BS. 0,30','-','TLNRIO','7/1889',960.000,1,NULL),
  (1890,7,'SENTAJES DE BS. 0,50','-','TLNRIO','7/1890',200.000,1,NULL),
  (1891,7,'SENTAJES DE BS. 1,00','-','TLNRIO','7/1891',50.000,1,NULL),
  (1892,7,'SENTAJES DE BS. 2,00','-','TLNRIO','7/1892',40.000,1,NULL),
  (1893,20,'SEPARADORES DE FRENO','-','PIEZA','20/1893',0.000,1,NULL),
  (1894,8,'SEPILLADORA ','-','PIEZA','8/1894',0.000,1,NULL),
  (1895,20,'SERCHAS','-','-','20/1895',0.000,1,NULL),
  (1896,10,'SERCHAS O TIJERALES','-','-','10/1896',0.000,1,NULL),
  (1897,8,'SERRUCHO','-','PIEZA','8/1897',0.000,1,NULL),
  (1898,8,'SERRUCHO COLA DE ZORRO','-','PIEZA','8/1898',0.000,1,NULL),
  (1899,21,'SERVILLETAS DE TELA','-','PIEZA','21/1899',0.000,1,NULL),
  (1900,9,'SET DE LIMPIEZA DE COMPUTADORAS','-','JUEGO','9/1900',0.000,1,NULL),
  (1901,8,'SIERRA CALADORA','-','PIEZA','8/1901',0.000,1,NULL),
  (1902,8,'SIERRA CIRCULAR','-','PIEZA','8/1902',0.000,1,NULL),
  (1903,8,'SIERRA DE CARPINTERIA','-','PIEZA','8/1903',0.000,1,NULL),
  (1904,8,'SIERRA MECANICA COMPLETO','-','PIEZA','8/1904',0.000,1,NULL),
  (1905,8,'SIERRA SIN FIN','-','-','8/1905',0.000,1,NULL),
  (1906,2,'SIFONES','-','PIEZA','2/1906',0.000,1,NULL),
  (1907,10,'SIKA ACELERANTE','-','LITRO','10/1907',0.000,1,NULL),
  (1908,20,'SILICON PLOMO','-','PIEZA','20/1908',0.000,1,NULL),
  (1909,11,'SILICONA','-','PIEZA','11/1909',0.000,1,NULL),
  (1910,13,'SILICONA PARA TABLERO','-','PIEZA','13/1910',10.000,1,NULL),
  (1911,17,'SILLA SEMIEJECUTIVA GIRATORIA','-','PIEZA','17/1911',0.000,1,NULL),
  (1912,17,'SILLAS DE MADERA','-','PIEZA','17/1912',0.000,1,NULL),
  (1913,17,'SILLAS ESTATICAS ACOLCHONADAS','-','PIEZA','17/1913',0.000,1,NULL),
  (1914,17,'SILLAS GIRATORIAS ','-','PIEZA','17/1914',0.000,1,NULL),
  (1915,17,'SILLAS METALICAS','-','PIEZA','17/1915',0.000,1,NULL),
  (1916,17,'SILLAS PLASTICAS','-','PIEZA','17/1916',0.000,1,NULL),
  (1917,17,'SILLON EJECUTIVO GIRATORIO','-','PIEZA','17/1917',0.000,1,NULL),
  (1918,21,'SILVADORES','-','PIEZA','21/1918',9.000,1,NULL),
  (1919,1,'SISTEMA DE AMPLIFICACION','-','EQUIPO','1/1919',0.000,1,NULL),
  (1920,1,'SISTEMA DE ENLACE','-','-','1/1920',0.000,1,NULL),
  (1921,7,'SISTEMA DE INFORMACIÓN DEFENSORIA (SID)','-','HOJA','7/1921',0.000,1,NULL),
  (1922,1,'SISTEMA DE PHONE BACHS','-','-','1/1922',0.000,1,NULL),
  (1923,12,'SLIPIN (BOLSAS DE DORMIR)','-','PIEZA','12/1923',0.000,1,NULL),
  (1924,11,'SOBRES MANILA DOBLE CARTA','-','PIEZA','11/1924',0.000,1,NULL),
  (1925,11,'SOBRES MANILA DOBLE OFICIO','-','PIEZA','11/1925',0.000,1,NULL),
  (1926,11,'SOBRES MANILA T/CARTA','-','PIEZA','11/1926',300.000,1,NULL),
  (1927,11,'SOBRES MANILA T/OFICIO','-','PIEZA','11/1927',110.000,1,NULL),
  (1928,7,'SOBRES MEMBRETEADOS AUDITORIA','-','PIEZA','7/1928',0.000,1,NULL),
  (1929,11,'SOBRES TAMAÑO CARTA','-','PIEZA','11/1929',0.000,1,NULL),
  (1930,11,'SOBRES TAMAÑO OFICIO','-','PIEZA','11/1930',0.000,1,NULL),
  (1931,21,'SOGA PARA SALTAR','-','PIEZA','21/1931',0.000,1,NULL),
  (1932,13,'SOLDADURA DE BRONCE','-','-','13/1932',0.000,1,NULL),
  (1933,7,'SOLICITUD DE APERTURA DE NEGOCIO','-','BLOCK','7/1933',4.000,1,NULL),
  (1934,7,'SOLICITUD DE CONSTRUCCIÓN DE INMUEBLES','-','BLOCK','7/1934',0.000,1,NULL),
  (1935,7,'SOLICITUD DE COTIZACIONES','-','BLOCK','7/1935',3.000,1,NULL),
  (1936,7,'SOLICITUD DE TRAMITE','-','HOJAS','7/1936',500.000,1,NULL),
  (1937,7,'SOLICITUD INSTALACIÓN ENERGIA ELECTRICA','-','BLOCK','7/1937',1.000,1,NULL),
  (1938,21,'SOPAPERAS DE GOMA','-','PIEZA','21/1938',0.000,1,NULL),
  (1939,8,'SOPLETE A GAS','-','PIEZA','8/1939',0.000,1,NULL),
  (1940,8,'SOPLETE PARA PINTAR','-','PIEZA','8/1940',0.000,1,NULL),
  (1941,20,'SOPORTE DE CAJA','-','PIEZA','20/1941',0.000,1,NULL),
  (1942,20,'SOPORTE DE MOTOR','-','PIEZA','20/1942',0.000,1,NULL),
  (1943,20,'SOPORTES ','-','PAQUETE','20/1943',2.000,1,NULL),
  (1944,3,'SOQUET ','-','PIEZA','3/1944',1.000,1,NULL),
  (1945,15,'SOQUETS DE PORCELANA','-','PIEZA','15/1945',50.000,1,NULL),
  (1946,20,'SPRAY PARA ENCENDIDO','-','-','20/1946',0.000,1,NULL),
  (1947,21,'SPRAY SACA GRASA','-','PZA','21/1947',0.000,1,NULL),
  (1948,20,'STICKER \"USO OFICIAL\"','-','PIEZA','20/1948',0.000,1,NULL),
  (1949,7,'STICKER DE EMPADRONAMIENTO','-','PIEZA','7/1949',0.000,1,NULL),
  (1950,20,'STOPS TRASEROS','-','-','20/1950',0.000,1,NULL),
  (1951,21,'SUCCIONADOR DE GOMA','-','PIEZA','21/1951',10.000,1,NULL),
  (1952,19,'SULFASER','-','-','19/1952',0.000,1,NULL),
  (1953,2,'SUPER TUBO PEAD','-','-','2/1953',0.000,1,NULL),
  (1954,1,'SWITCHER DE VIDEO','-','-','1/1954',0.000,1,NULL),
  (1955,1,'SWUICHS DE VARIOS PUNTOS','-','PIEZA','1/1955',0.000,1,NULL),
  (1956,15,'SWUICHS VARIOS','-','PIEZA','15/1956',0.000,1,NULL),
  (1957,2,'T DE 1\"','-','PIEZA','2/1957',9.000,1,NULL),
  (1958,6,'T DE 1/2','-','PIEZA','6/1958',0.000,1,NULL),
  (1959,6,'T DE 3\"','-','PIEZA','6/1959',0.000,1,NULL),
  (1960,2,'T DE 3/4\"','-','PIEZA','2/1960',0.000,1,NULL),
  (1961,2,'T DE FG 1/2','-','PIEZA','2/1961',60.000,1,NULL),
  (1962,2,'T DE FG DE 1 1/2 ','-','PIEZA','2/1962',20.000,1,NULL),
  (1963,2,'T DE PVC  1/2','-','PIEZA','2/1963',0.000,1,NULL),
  (1964,2,'T DE PVC 1','-','PIEZA','2/1964',0.000,1,NULL),
  (1965,2,'T DE PVC 1 1/2','-','PIEZA','2/1965',0.000,1,NULL),
  (1966,2,'T DE PVC 2\"','-','PIEZA','2/1966',9.000,1,NULL),
  (1967,2,'T DE PVC 4\"','-','PIEZA','2/1967',0.000,1,NULL),
  (1968,21,'TABLA DE NATACION','-','PIEZA','21/1968',0.000,1,NULL),
  (1969,21,'TABLERO DE CORCHO','-','PIEZA','21/1969',0.000,1,NULL),
  (1970,15,'TABLERO DE DISTRIBUCIÓN','-','-','15/1970',0.000,1,NULL),
  (1971,11,'TABLERO DE TRABAJO CON FORRO','-','PIEZA','11/1971',0.000,1,NULL),
  (1972,21,'TABLEROS DE BASQUET','-','PIEZA','21/1972',0.000,1,NULL),
  (1973,11,'TABLEROS DE TRABAJO','-','PIEZA','11/1973',0.000,1,NULL),
  (1974,9,'TABLETAS EN GENERAL','-','-','9/1974',0.000,1,NULL),
  (1975,21,'TACHOS','-','-','21/1975',0.000,1,NULL),
  (1976,3,'TACHUELAS','-','CAJA','3/1976',0.000,1,NULL),
  (1977,8,'TACOS DE GOMA','-','-','8/1977',0.000,1,NULL),
  (1978,12,'TAFILETES PARA CASCO','-','PIEZA','12/1978',0.000,1,NULL),
  (1979,11,'TAJADOR DE MESA','-','PIEZA','11/1979',0.000,1,NULL),
  (1980,8,'TALADRO ELECTRICO','-','PIEZA','8/1980',0.000,1,NULL),
  (1981,1,'TALADRO PORTATIL','-','PIEZA','1/1981',0.000,1,NULL),
  (1982,9,'TALLIMETRO','-','-','9/1982',0.000,1,NULL),
  (1983,7,'TALONARIOS','-','TLNRIO','7/1983',0.000,1,NULL),
  (1984,20,'TAMBOR RUEDA TRASERA DE MOTO','-','-','20/1984',0.000,1,NULL),
  (1985,9,'TAMBOR VARIAS MEDIDAS','-','-','9/1985',0.000,1,NULL),
  (1986,11,'TAMPO PARA SELLOS','-','PIEZA','11/1986',9.000,1,NULL),
  (1987,2,'TANQUE DE AGUA','-','PIEZA','2/1987',0.000,1,NULL),
  (1988,21,'TANQUE DE AGUA MOCHILEROS','-','PIEZA','21/1988',0.000,1,NULL),
  (1989,20,'TANQUE DE RESERVA DE AGUA DE RADIADOR','-','PIEZA','20/1989',0.000,1,NULL),
  (1990,15,'TAPA CABLE','-','MTRS','15/1990',0.000,1,NULL),
  (1991,20,'TAPA DE BOCINA','-','-','20/1991',0.000,1,NULL),
  (1992,20,'TAPA DE DISTRIBUIDOR','-','PIEZA','20/1992',0.000,1,NULL),
  (1993,9,'TAPA PARA BOTELL. OXIGENO','-','PIEZA','9/1993',1.000,1,NULL),
  (1994,20,'TAPA PARA RADIADOR','-','PIEZA','20/1994',0.000,1,NULL),
  (1995,11,'TAPAS DE CD''s','-','PIEZA','11/1995',45.000,1,NULL),
  (1996,21,'TAPAS DE INODORO','-','PIEZA','21/1996',0.000,1,NULL),
  (1997,2,'TAPAS METALICAS','-','-','2/1997',0.000,1,NULL),
  (1998,11,'TAPAS PARA ENCUADERNADOS','-','PAR','11/1998',0.000,1,NULL),
  (1999,20,'TAPAS PARA TANQUE','-','-','20/1999',0.000,1,NULL),
  (2000,20,'TAPETE DE TORPEDO','-','PIEZA','20/2000',0.000,1,NULL);
COMMIT;

#
# Data for the `articulo` table  (LIMIT 2000,500)
#

INSERT INTO `articulo` (`articulo_id`, `categoria_id`, `articulo_nombre`, `articulo_marca`, `articulo_industria`, `articulo_codigo`, `articulo_saldo`, `estado_id`, `umanejo_id`) VALUES 
  (2001,20,'TAPIS DE ASIENTO','-','PIEZA','20/2001',0.000,1,NULL),
  (2002,12,'TAPON AUDITIVO INTERNO','-','PAR','12/2002',100.000,1,NULL),
  (2003,20,'TAPONES DE CULATAS','-','-','20/2003',0.000,1,NULL),
  (2004,2,'TAPONES DE DIFERENTES MEDIDAS','-','-','2/2004',0.000,1,NULL),
  (2005,2,'TAPONES PVC DIFERENTES MEDIDAS','-','PIEZA','2/2005',0.000,1,NULL),
  (2006,10,'TARBESAÑOS','-','-','10/2006',0.000,1,NULL),
  (2007,17,'TARIMAS','-','PIEZA','17/2007',0.000,1,NULL),
  (2008,1,'TARJETA DE RED','-','PIEZA','1/2008',0.000,1,NULL),
  (2009,1,'TARJETA DE VIDEO','-','PIEZA','1/2009',0.000,1,NULL),
  (2010,1,'TARJETA MADRE','-','PIEZA','1/2010',0.000,1,NULL),
  (2011,1,'TARJETA MEMORIA','-','PIEZA','1/2011',0.000,1,NULL),
  (2012,7,'TARJETAS DE ASISTENCIA','-','PIEZA','7/2012',0.000,1,NULL),
  (2013,7,'TARJETAS DE EXISTENCIA MATERIAL VALORADO','-','-','7/2013',0.000,1,NULL),
  (2014,7,'TARJETAS DE OPERACION RUAT','-','PIEZA','7/2014',400.000,1,NULL),
  (2015,8,'TARRAJAS VARIOS','-','PIEZA','8/2015',0.000,1,NULL),
  (2016,20,'TASITA PARA BOMBA INYECTORA','-','-','20/2016',0.000,1,NULL),
  (2017,21,'TAZAS DE TÉ','-','PIEZA','21/2017',0.000,1,NULL),
  (2018,2,'TE FG DE  2','-','PIEZA','2/2018',20.000,1,NULL),
  (2019,2,'TE FG DE 1','-','PZA','2/2019',10.000,1,NULL),
  (2020,1,'TECLADO','-','PIEZA','1/2020',0.000,1,NULL),
  (2021,1,'TECLADO DE SONIDO PROFESIONAL','-','PIEZA','1/2021',0.000,1,NULL),
  (2022,8,'TECLE DE CADENA VARIAS TONELADAS','-','-','8/2022',0.000,1,NULL),
  (2023,2,'TEFLONES','-','PIEZAS','2/2023',89.000,1,NULL),
  (2024,10,'TEJAS ','-','PIEZA','10/2024',0.000,1,NULL),
  (2025,21,'TELA','-','METRO','21/2025',3.500,1,NULL),
  (2026,9,'TELA ADHESIVA','-','-','9/2026',0.000,1,NULL),
  (2027,21,'TELA BONGHE','-','METRO','21/2027',0.000,1,NULL),
  (2028,10,'TELA DE TUMBADO','-','M2','10/2028',0.000,1,NULL),
  (2029,1,'TELEFONO FAX','-','PIEZA','1/2029',0.000,1,NULL),
  (2030,1,'TELEFONOS ','-','PIEZA','1/2030',0.000,1,NULL),
  (2031,24,'TELEVISOR PANTALLA PLANA','-','PIEZA','24/2031',0.000,1,NULL),
  (2032,1,'TELEVISORES ','-','PIEZA','1/2032',0.000,1,NULL),
  (2033,11,'TEMPERAS DE VARIOS COLORES','-','CAJA','11/2033',0.000,1,NULL),
  (2034,15,'TEMPORIZADOR','-','-','15/2034',0.000,1,NULL),
  (2035,8,'TENAZA','-','PIEZA','8/2035',0.000,1,NULL),
  (2036,9,'TENCIOMETRO MIN','-','-','9/2036',0.000,1,NULL),
  (2037,9,'TENSIÓN TRO ANERCID ALPAK-2','-','-','9/2037',0.000,1,NULL),
  (2038,15,'TENSOR','-','-','15/2038',0.000,1,NULL),
  (2039,3,'TERMICO','-','PIEZA','3/2039',10.000,1,NULL),
  (2040,20,'TERMINAL P'' BATERIA','-','-','20/2040',0.000,1,NULL),
  (2041,15,'TERMINALES','-','-','15/2041',0.000,1,NULL),
  (2042,15,'TERMO MAGNETICOS','-','PIEZA','15/2042',30.000,1,NULL),
  (2043,20,'TERMOSTATO','-','PIEZA','20/2043',0.000,1,NULL),
  (2044,21,'TERMOSTATO DE MOTOR DE AGUA ','-','PIEZA','21/2044',0.000,1,NULL),
  (2045,1,'TERMOVENTILADOR','-','PZA','1/2045',0.000,1,NULL),
  (2046,20,'TESADOR','-','PIEZA','20/2046',0.000,1,NULL),
  (2047,15,'TESADOR DE LINEA','-','PIEZA','15/2047',0.000,1,NULL),
  (2048,15,'TESTER','-','-','15/2048',0.000,1,NULL),
  (2049,1,'TESTER DE RED','-','PIEZA','1/2049',0.000,1,NULL),
  (2050,23,'TEXTOS DIAGONAL JAIME MENDOZA','-','PIEZA','23/2050',100.000,1,NULL),
  (2051,10,'TIERRA NEGRA','-','VOLQUETA','10/2051',0.000,1,NULL),
  (2052,8,'TIJERA CORTA LATA','-','PIEZA','8/2052',0.000,1,NULL),
  (2053,8,'TIJERA PODADORA','-','PIEZA','8/2053',0.000,1,NULL),
  (2054,11,'TIJERAS ','-','PIEZA','11/2054',4.000,1,NULL),
  (2055,9,'TIJERAS MAYO RECTAS DE 17 CM Y OTROS','-','PIEZA','9/2055',0.000,1,NULL),
  (2056,21,'TIJERAS ZIC ZAC','-','PIEZA','21/2056',0.000,1,NULL),
  (2057,15,'TIMBRE ELECTRICO','-','PIEZA','15/2057',0.000,1,NULL),
  (2058,10,'TINASOL','-','-','10/2058',0.000,1,NULL),
  (2059,4,'TINER','-','LITRO','4/2059',0.000,1,NULL),
  (2060,11,'TINTA CANON SISTEMA CONTINUO','-','LITRO','11/2060',0.000,1,NULL),
  (2061,11,'TINTA DE COLORES  RECARGABLE CANON ','-','CAJA','11/2061',8.000,1,NULL),
  (2062,11,'TINTA DE COLORES RECARGABLE HP','-','CAJA','11/2062',28.000,1,NULL),
  (2063,11,'TINTA EPSON 1 LITRO','-','LITRO','11/2063',0.000,1,NULL),
  (2064,11,'TINTA EPSON 1/2 LITRO','-','1/2 LITRO','11/2064',0.000,1,NULL),
  (2065,7,'TINTA HP COLOR NEGRO ','-','LITRO','7/2065',0.000,1,NULL),
  (2066,11,'TINTA PARA TAMPO','-','PIEZA','11/2066',65.000,1,NULL),
  (2067,11,'TINTA RECARGABLE CANON  NEGRO','-','CAJA','11/2067',25.000,1,NULL),
  (2068,11,'TINTA RECARGABLE CANON (1/2 LITRO)','-','1/2 LITRO','11/2068',0.000,1,NULL),
  (2069,11,'TINTA RECARGABLE HP (1/2 LITRO)','-','1/2 LITRO','11/2069',16.000,1,NULL),
  (2070,11,'TINTA RECARGABLE HP (LITRO)','HP','LITRO','11/2070',0.000,1,NULL),
  (2071,11,'TINTA RECARGABLE HP NEGRO','-','CAJA','11/2071',15.000,1,NULL),
  (2072,19,'TINTES DIFERENTES COLORES','-','PIEZA','19/2072',0.000,1,NULL),
  (2073,18,'TIRAFONDOS','-','PIEZA','18/2073',0.000,1,NULL),
  (2074,19,'TIZA MOLIDA','-','KILO','19/2074',0.000,1,NULL),
  (2075,11,'TIZAS BLANCAS','-','CAJA','11/2075',0.000,1,NULL),
  (2076,23,'TIZAS DE COLORES','-','CAJA','23/2076',0.000,1,NULL),
  (2077,9,'TOALLAS DIFERENTES MEDIDAS','-','PIEZA','9/2077',0.000,1,NULL),
  (2078,1,'TOCA CINTAS CON CD PARA VEHICULOS','-','PIEZA','1/2078',0.000,1,NULL),
  (2079,20,'TOMA FUERZA','-','PIEZA','20/2079',0.000,1,NULL),
  (2080,11,'TONNER','-','PZA','11/2080',0.000,1,NULL),
  (2081,11,'TONNER  HP 15A','-','PIEZA','11/2081',2.000,1,NULL),
  (2082,11,'TONNER 01','-','PIEZA','11/2082',0.000,1,NULL),
  (2083,11,'TONNER 05A','-','PIEZA','11/2083',2.000,1,NULL),
  (2084,11,'TONNER 85A','HP','PIEZA','11/2084',0.000,1,NULL),
  (2085,11,'TONNER CANON 103','-','PIEZA','11/2085',0.000,1,NULL),
  (2086,11,'TONNER GPR-22 CANON IR 1024 DE FOTOCOPIADORA','-','PIEZA','11/2086',0.000,1,NULL),
  (2087,11,'TONNER HP 12A ','-','PIEZA','11/2087',4.000,1,NULL),
  (2088,11,'TONNER HP 35','-','PIEZA','11/2088',4.000,1,NULL),
  (2089,11,'TONNER HP 36','-','PIEZA','11/2089',5.000,1,NULL),
  (2090,11,'TONNER HP 49','-','PIEZA','11/2090',4.000,1,NULL),
  (2091,11,'TONNER HP 53','-','PIEZA','11/2091',0.000,1,NULL),
  (2092,11,'TONNER HP 78 A','-','PIEZA','11/2092',0.000,1,NULL),
  (2093,11,'TONNER HP CB 540 A','-','PIEZA','11/2093',0.000,1,NULL),
  (2094,11,'TONNER HP CB 541-542-543 COLOR','-','PIEZA','11/2094',0.000,1,NULL),
  (2095,11,'TONNER SAMSUNG 1865','-','PIEZA','11/2095',0.000,1,NULL),
  (2096,8,'TORCOMETRO','-','-','8/2096',0.000,1,NULL),
  (2097,18,'TORNILLOS 3/16\" X 1\"','-','PIEZA','18/2097',0.000,1,NULL),
  (2098,18,'TORNILLOS 3/8','-','PIEZA','18/2098',0.000,1,NULL),
  (2099,18,'TORNILLOS DE 1/4','-','PIEZA','18/2099',0.000,1,NULL),
  (2100,18,'TORNILLOS DE ENCARNE','-','PIEZA','18/2100',0.000,1,NULL),
  (2101,1,'TORQUIMETRO','-','-','1/2101',0.000,1,NULL),
  (2102,8,'TRABADOR','-','-','8/2102',0.000,1,NULL),
  (2103,2,'TRACARRO VARIAS MEDIDAS','-','-','2/2103',0.000,1,NULL),
  (2104,20,'TRAMPERAS DE FILTROS ','-','PIEZA','20/2104',0.000,1,NULL),
  (2105,23,'TRAMPOLIN COMPLETO (ESCOLAR)','-','PIEZA','23/2105',0.000,1,NULL),
  (2106,23,'TRAMPOLIN DE MADERA','-','PIEZA','23/2106',0.000,1,NULL),
  (2107,15,'TRANSFORMADOR','-','PIEZA','15/2107',1.000,1,NULL),
  (2108,1,'TRANSFORMADOR TRIFASICO','-','PIEZA','1/2108',0.000,1,NULL),
  (2109,15,'TRANSISTOR DE POTENCIA','-','-','15/2109',0.000,1,NULL),
  (2110,20,'TRANSMICION DE MOTOCICLETAS','-','JUEGO','20/2110',0.000,1,NULL),
  (2111,1,'TRANSMISOR TV. ','-','-','1/2111',0.000,1,NULL),
  (2112,11,'TRANSPORTADOR GRANDE','-','PIEZA','11/2112',0.000,1,NULL),
  (2113,21,'TRAPEADORES','-','PIEZA','21/2113',4.000,1,NULL),
  (2114,21,'TRAPEADORES CON PALO','-','PIEZA','21/2114',0.000,1,NULL),
  (2115,21,'TREBOL ENANO','-','KILO','21/2115',0.000,1,NULL),
  (2116,20,'TREN TRASERO','-','-','20/2116',0.000,1,NULL),
  (2117,12,'TREPADORAS DE FIERRO','-','PIEZA','12/2117',0.000,1,NULL),
  (2118,20,'TRIANGULO DE PRECAUCIÓN','-','PIEZA','20/2118',0.000,1,NULL),
  (2119,20,'TRIANGULOS REFLECTORES (DE SEGURIDAD)','-','PIEZA','20/2119',0.000,1,NULL),
  (2120,1,'TRIPODE PARA CAMARA ','-','-','1/2120',0.000,1,NULL),
  (2121,7,'TRIPTICOS FULL COLOR','-','HOJA','7/2121',0.000,1,NULL),
  (2122,21,'TROFEOS Y MEDALLAS','-','PIEZA','21/2122',0.000,1,NULL),
  (2123,20,'TROMPERA DE AGUA','-','-','20/2123',0.000,1,NULL),
  (2124,8,'TROSADOR DE CARNE','-','-','8/2124',0.000,1,NULL),
  (2125,2,'TUBERIA POLITUBO DE 3\"','-','ROLLO','2/2125',0.000,1,NULL),
  (2126,2,'TUBO CAMPANA DIFERENTES MEDIDAS','-','-','2/2126',0.000,1,NULL),
  (2127,20,'TUBO CARGADOR','-','-','20/2127',0.000,1,NULL),
  (2128,15,'TUBO CONDUCTOR','-','PIEZA','15/2128',0.000,1,NULL),
  (2129,2,'TUBO CUADRADO DE 25 ML','-','PIEZA ','2/2129',0.000,1,NULL),
  (2130,2,'TUBO CUADRADO DE 40 ML','-','PIEZA','2/2130',0.000,1,NULL),
  (2131,6,'TUBO DE FIERRO NEGRO ','-','BARRA','6/2131',0.000,1,NULL),
  (2132,6,'TUBO MILIMETRICO DE VARIAS MEDIDAS','-','PIEZA','6/2132',0.000,1,NULL),
  (2133,15,'TUBOS BERMAN','-','PIEZA','15/2133',0.000,1,NULL),
  (2134,10,'TUBOS DE CEMENTO','-','PIEZA','10/2134',0.000,1,NULL),
  (2135,15,'TUBOS FLUORESCENTE DE 20 W.','-','PIEZA','15/2135',0.000,1,NULL),
  (2136,15,'TUBOS FLUORESCENTES DE 40 W.','-','PIEZA','15/2136',73.000,1,NULL),
  (2137,18,'TUERCA','-','PIEZA','18/2137',0.000,1,NULL),
  (2138,18,'TUERCA DE OJO ','-','PIEZA','18/2138',0.000,1,NULL),
  (2139,20,'TUERCA PARA RUEDAS','-','PIEZA','20/2139',0.000,1,NULL),
  (2140,20,'TURBO COMPRESOR DE AIRE(CONJUNTO ROTATIVO)','GARRETT','PIEZA','20/2140',0.000,1,NULL),
  (2141,21,'TURRIL VACIO METALICO','-','PIEZA','21/2141',0.000,1,NULL),
  (2142,8,'TURRILES VACIO DE PLASTICO','-','PIEZA','8/2142',4.000,1,NULL),
  (2143,2,'UNION PATENTE FG  2','-','PIEZA','2/2143',10.000,1,NULL),
  (2144,2,'UNION PATENTE FG 1','-','PIEZA','2/2144',5.000,1,NULL),
  (2145,2,'UNION PATENTE FG 1 1/2','-','PIEZA','2/2145',10.000,1,NULL),
  (2146,6,'UNION PATENTE FG 1/2','-','PZAS.','6/2146',20.000,1,NULL),
  (2147,2,'UNION PATENTE FG 3/4','-','PIEZA','2/2147',0.000,1,NULL),
  (2148,2,'UNION PATENTE FG DE 3','-','PIEZA','2/2148',0.000,1,NULL),
  (2149,2,'UNION PATENTE PVC','-','PIEZA','2/2149',0.000,1,NULL),
  (2150,2,'UNION PATENTE PVC 1/2','-','PIEZA','2/2150',0.000,1,NULL),
  (2151,2,'UNION PATENTE PVC 3/4','-','PIEZA','2/2151',0.000,1,NULL),
  (2152,20,'UÑETAS','-','-','20/2152',0.000,1,NULL),
  (2153,1,'UPS ','-','PZA','1/2153',0.000,1,NULL),
  (2154,7,'USO MINGITORIO COLISEO P.MEDRANO','-','TALONARIO','7/2154',100.000,1,NULL),
  (2155,7,'USO MINGITORIO MERCADO CENTRAL','-','TALORNARIO','7/2155',90.000,1,NULL),
  (2156,7,'USO TERMINAL DE BUSES BS 1.-','-','TALONARIOS','7/2156',0.000,1,NULL),
  (2157,2,'VALVULA CON FLANGE DIFERENTES MEDIDAS','-','-','2/2157',0.000,1,NULL),
  (2158,20,'VALVULA DE AIRE','-','PIEZA','20/2158',0.000,1,NULL),
  (2159,2,'VALVULA DE BRONCE DE DIFERENTES MEDIDAS','-','-','2/2159',0.000,1,NULL),
  (2160,2,'VALVULA DE CORTINA DE VARIAS MEDIDAS','-','-','2/2160',0.000,1,NULL),
  (2161,20,'VALVULAS','-','PIEZA','20/2161',0.000,1,NULL),
  (2162,15,'VARILLA DE ANCLAJE','-','PIEZA','15/2162',0.000,1,NULL),
  (2163,13,'VARILLA DE PLATA','-','BLOCK','13/2163',0.000,1,NULL),
  (2164,20,'VARILLAS ','-','PIEZA','20/2164',0.000,1,NULL),
  (2165,22,'VASELINA LIQUIDA','-','BOTE','22/2165',0.000,1,NULL),
  (2166,21,'VASOS NIQUELADOS Y OTROS','-','-','21/2166',0.000,1,NULL),
  (2167,20,'VASTAGOS','.','PIEZA','20/2167',0.000,1,NULL),
  (2168,17,'VELADORES','-','-','17/2168',0.000,1,NULL),
  (2169,9,'VENDAS DE GASA,YESO ,ELASTICO','-','-','9/2169',0.000,1,NULL),
  (2170,10,'VENESTA','-','PIEZA','10/2170',0.000,1,NULL),
  (2171,10,'VENTANAS  DE MADERA ','-','PIEZA','10/2171',0.000,1,NULL),
  (2172,15,'VENTILADOR','-','-','15/2172',0.000,1,NULL),
  (2173,7,'VERIFICACION DE VIAJE NNA T/CARTA FULL COLOR','-','HOJA','7/2173',0.000,1,NULL),
  (2174,8,'VIBRADORA','-','MAQUINA','8/2174',0.000,1,NULL),
  (2175,14,'VIDRIO ACRILICO','-','PIEZA','14/2175',0.000,1,NULL),
  (2176,14,'VIDRIO CATEDRAL','-','PIEZA','14/2176',0.000,1,NULL),
  (2177,14,'VIDRIO DOBLE','-','PIEZA','14/2177',0.000,1,NULL),
  (2178,14,'VIDRIO MOLIDO','-','KILO','14/2178',0.000,1,NULL),
  (2179,14,'VIDRIO PARA ESCRITORIO','-','PIEZA','14/2179',0.000,1,NULL),
  (2180,14,'VIDRIO TEMPLADO','-','M2','14/2180',0.000,1,NULL),
  (2181,14,'VIDRIO TRIPLE','-','PIEZA','14/2181',0.000,1,NULL),
  (2182,14,'VIDRIOS RAIBAN','-','PIEZA','14/2182',0.000,1,NULL),
  (2183,14,'VIDRIOS TEMPLADOS','-','PIEZA','14/2183',0.000,1,NULL),
  (2184,14,'VIDRIOS VARIAS MEDIDAS','-','PIEZA','14/2184',0.000,1,NULL),
  (2185,10,'VIGA DIFERENTES MEDIDAS DURAS ','-','PIEZA','10/2185',0.000,1,NULL),
  (2186,10,'VIGUETAS','-','PIEZA','10/2186',0.000,1,NULL),
  (2187,10,'VIGUILLAS SEMI DURAS','-','PIEZA','10/2187',0.000,1,NULL),
  (2188,8,'VILLABARQUIN','-','PIEZA','8/2188',0.000,1,NULL),
  (2189,20,'VILOCIL','-','-','20/2189',0.000,1,NULL),
  (2190,11,'VINIFAN','-','METRO','11/2190',0.000,1,NULL),
  (2191,21,'VIÑETAS DE GOLPE ALFABETO','-','JUEGO','21/2191',0.000,1,NULL),
  (2192,21,'VIÑETAS DE GOLPE NUMERICO','-','JUEGO','21/2192',0.000,1,NULL),
  (2193,21,'VIRULIN','-','PIEZA','21/2193',255.000,1,NULL),
  (2194,21,'VIRULIN DOBLE','-','-','21/2194',0.000,1,NULL),
  (2195,17,'VITRINAS DE MADERA','-','PIEZA','17/2195',0.000,1,NULL),
  (2196,18,'VOLANDA DE PRESIÓN','-','PIEZA','18/2196',0.000,1,NULL),
  (2197,18,'VOLANDAS ','-','PIEZA','18/2197',0.000,1,NULL),
  (2198,18,'VOLANDAS CUADRADAS','-','PIEZA','18/2198',0.000,1,NULL),
  (2199,20,'VOLQUETA HINO','-','-','20/2199',0.000,1,NULL),
  (2200,20,'VOLQUETA W,V.','-','-','20/2200',0.000,1,NULL),
  (2201,20,'VORNEZ','-','PIEZAS','20/2201',0.000,1,NULL),
  (2202,8,'WINCHA','-','PIEZA','8/2202',0.000,1,NULL),
  (2203,8,'WINCHA DE L0NA','-','PIEZA','8/2203',0.000,1,NULL),
  (2204,21,'WINCHAS PARA COSTURA','-','-','21/2204',0.000,1,NULL),
  (2205,2,'YE PVC VARIAS MEDIDAS','-','PIEZA','2/2205',0.000,1,NULL),
  (2206,9,'YODO','-','PIEZA','9/2206',0.000,1,NULL),
  (2207,22,'YODO','-','LITRO','22/2207',0.000,1,NULL),
  (2208,20,'YOKE - ESPIGA DE CARDAN','-','PIEZA','20/2208',0.000,1,NULL),
  (2209,21,'YUREX  DE COLORES','-','PIEZA','21/2209',0.000,1,NULL),
  (2210,21,'YUTE','-','PIEZA','21/2210',0.000,1,NULL),
  (2211,15,'ZAPATILLAS DE SUSPENCIÓN','-','PIEZA','15/2211',0.000,1,NULL),
  (2212,15,'ZOCALOS','-','PIEZA','15/2212',20.000,1,NULL),
  (2213,10,'ZOCALOS DE MADERA','-','ML','10/2213',0.000,1,NULL),
  (2214,10,'ZOCALOS PARA PISO CERAMICO','-','CAJA','10/2214',0.000,1,NULL),
  (2215,21,'ZUMIDORAS ','-','-','21/2215',0.000,1,NULL);
COMMIT;

#
# Data for the `institucion` table  (LIMIT 0,500)
#

INSERT INTO `institucion` (`institucion_id`, `institucion_nombre`, `institucion_sucursal`, `institucion_direccion`, `institucion_ubicacion`, `institucion_telef`, `institucion_nit`, `institucion_autorizacion`, `institucion_eslogan`, `institucion_logo`) VALUES 
  (1,'GOBIERNO AUTONOMO MUNICIPAL DE LLALLAGUA','01','AV. 10 DE NOVIEMBRE','PROV. BUSTILLO - BOLIVIA','5820404','156236495','236541265','-','logo.jpg');
COMMIT;

#
# Data for the `gestion` table  (LIMIT 0,500)
#

INSERT INTO `gestion` (`gestion_id`, `institucion_id`, `gestion_nombre`, `gestion_descripcion`, `gestion_inicio`, `gestion_fin`, `estado_id`) VALUES 
  (1,1,'2019','1/2019','2019-01-01','2019-12-31',3);
COMMIT;

#
# Data for the `estado` table  (LIMIT 0,500)
#

INSERT INTO `estado` (`estado_id`, `estado_descripcion`, `estado_tipo`, `estado_color`) VALUES 
  (1,'ACTIVO',1,'#ffff00'),
  (2,'INACTIVO',1,'LIGHTGRAY'),
  (3,'VIGENTE',2,'WHITE'),
  (4,'CERRADA',2,'LIGHTGRAY'),
  (5,'ANULADA',2,'RED'),
  (6,'PENDIENTE',3,'#ebcc1b'),
  (7,'EJECUTADO',3,'#7ac978'),
  (8,'PESPACHADO',3,'#d4d4d4');
COMMIT;

#
# Data for the `pedido` table  (LIMIT 0,500)
#

INSERT INTO `pedido` (`pedido_id`, `estado_id`, `gestion_id`, `pedido_fecha`, `pedido_hora`, `pedido_archivo`, `pedido_imagen`, `pedido_numero`, `pedido_fechapedido`, `programa_id`, `unidad_id`) VALUES 
  (1,7,1,NULL,NULL,'1551451983.xlsx','1551451983.png','3255','2019-03-01',4,2),
  (2,6,1,'0000-00-00','15:19:02','','','3255','2019-03-02',14,10),
  (3,6,1,'0000-00-00','15:19:22','','1551466953.png','5646','0201-12-14',7,9),
  (4,6,1,'2019-03-01','13:12:34','','1551466930.png','434','2019-03-01',3,1),
  (5,6,1,'2019-03-01','14:07:18','','','381','2019-01-18',57,5);
COMMIT;

#
# Data for the `tipo_usuario` table  (LIMIT 0,500)
#

INSERT INTO `tipo_usuario` (`tipousuario_id`, `tipousuario_descripcion`) VALUES 
  (1,'ADMINISTRADOR'),
  (2,'OPERADOR'),
  (3,'SUPERVISOR');
COMMIT;

#
# Data for the `unidad` table  (LIMIT 0,500)
#

INSERT INTO `unidad` (`unidad_id`, `unidad_nombre`, `unidad_codigo`, `unidad_descripcion`, `estado_id`) VALUES 
  (1,'AYLLU CHULLPA','AYL001','-',1),
  (2,'DISTRITO CATAVI','DIS002','-',1),
  (3,'DISTRITO LLALLAGUA','DIS003','-',1),
  (4,'EDUCACION','EDU004','-',1),
  (5,'FUNCIONAMIENTO','REF005','-',1),
  (6,'FUNCIONAMIENTO ADM. GRAL..','FUN006','-',1),
  (7,'INVERION','INV007','-',1),
  (8,'INVERSION','INV008','-',1),
  (9,'INVERSION','INF009','-',1),
  (10,'SIGLO XX','SIG0010','-',1);
COMMIT;

#
# Data for the `programa` table  (LIMIT 0,500)
#

INSERT INTO `programa` (`programa_id`, `unidad_id`, `estado_id`, `programa_nombre`, `programa_codigo`, `programa_descripcion`) VALUES 
  (1,1,1,'APERTURA CAMINO AGUA CALIENTES CHOCOPATILLA','APE001','-'),
  (2,2,1,'CONCLUSION POLIGMNASIO CATAVI','CON002','-'),
  (3,3,1,'CONCLUSION CANCHA RAQUETA ZONA # 3','CON003','-'),
  (4,4,1,'REFACCION AULA DE MUSICA COLEG.JUNIN','REF004','-'),
  (5,4,1,'REFACCION BAÑO HIGIENICO COLEGIO JUNIN','REF005','-'),
  (6,4,1,'ADQUISICION COMPUTADORAS U.E MARTIN CARDENAS','ADQ006','-'),
  (7,4,1,'REFACCION CUBIERTA U.E GERMAN BUSCH','REF007','-'),
  (8,5,1,'ADQ.HERRAMIENTAS PARA TALLER E.U. AYACUCHO','ADQ008','-'),
  (9,5,1,'INFRAESTRUCTURA EQUIPAMIENTO U.E.','INF009','-'),
  (10,5,1,'APOYO AL DEPORTE','APO0010','-'),
  (11,5,1,'ELABORACION PROY ORDENAMIENTO TERRITORIAL','ELA0011','-'),
  (12,5,1,'PLAN DE DESARROLLO ECONOMICO LOCAL','PLA0012','-'),
  (13,5,1,'INSTALACION ALCANTARILLADO CAMARA C.E.A STA RITA','INS0013','-'),
  (14,5,1,'CONSTRUC. EMPEDRADO CORDONES C/R.BUSTILLO II FASE','CON0014','-'),
  (15,5,1,'CONSTRUC. COMPLEJO INTEGRAL CATAVI  SECC. BALNEARI','CON0015','-'),
  (16,5,1,'ADQUISICION MOBILIARIO Y HERRAMIENTAS U.E. GERMAN ','ADQ0016','-'),
  (17,5,1,'MEJORAMIENTO CASA COMUNAL TIPO CHALET','MEJ0017','-'),
  (18,5,1,'FORTALECIMIENTO Y APOYO PROMOCION ECONOMICA LOCAL','FOR0018','-'),
  (19,5,1,'DIRECCION DE SALUD','DIR0019','-'),
  (20,5,1,'LIMPIEZA ','LIM0020','-'),
  (21,5,1,'COMPRAS MENORES','COM0021','-'),
  (22,5,1,'SECRETARIA GENERAL','SEC0022','-'),
  (23,5,1,'VENTANILLA UNICA DE TRAMITES','VEN0023','-'),
  (24,5,1,'GESTION SOCIAL','GES0024','-'),
  (25,5,1,'UNIDAD DE ORDENAMIENTO TERRITORIAL Y URBANISMO','UNI0025','-'),
  (26,5,1,'ORDENAMIENTO TERRITORIAL','ORD0026','-'),
  (27,5,1,'SISTEMAS INFORMATICOS','SIS0027','-'),
  (28,5,1,'CONCEJO MUNICIPAL','CON0028','-'),
  (29,6,1,'ALMACENES','ALM0029','-'),
  (30,6,1,'ARCHIVOS','ARC0030','-'),
  (31,6,1,'ASESORIA LEGAL','ASE0031','-'),
  (32,6,1,'AUDITORIA INTERNA','AUD0032','-'),
  (33,6,1,'BIBLIOTECA','BIB0033','-'),
  (34,6,1,'CANAL 6 TV. LLALLAGUA','CAN0034','-'),
  (35,6,1,'FUNCIONAMIENTO H. CONCEJO MUNICIPAL','FUN0035','-'),
  (36,6,1,'DIRECCION  FINANCIERA','DIR0036','-'),
  (37,6,1,'EJECUTIVO','EJE0037','-'),
  (38,6,1,'FUNCIONAMIENTO ENERGIA ELECTRICA','FUN0038','-'),
  (39,6,1,'INTENDENCIA','INT0039','-'),
  (40,6,1,'JEFATURA DE ACTIVOS FIJOS Y ALMACENES','JEF0040','-'),
  (41,6,1,'MANTENIMIENTO Y ADQUISICION DE REPUESTOS  DE MOVIL','MAN0041','-'),
  (42,6,1,'O.M. ADMINISTRATIVO','O.M0042','-'),
  (43,6,1,'O.M. DE DESARROLLO HUMANO','O.M0043','-'),
  (44,6,1,'O.M. TECNICA','O.M0044','-'),
  (45,6,1,'OBRAS PUBLICAS','OBR0045','-'),
  (46,6,1,'PLANIFICACION','PLA0046','-'),
  (47,6,1,'RECAUDACIONES','REC0047','-'),
  (48,6,1,'RECURSOS HUMANOS','REC0048','-'),
  (49,6,1,'S.A. 22 DE DICIEMBRE','S.A0049','-'),
  (50,6,1,'S.A. AYLLU CHULLPA','S.A0050','-'),
  (51,6,1,'S.A. AYLLU SIKUYA','S.A0051','-'),
  (52,6,1,'S.A. CATAVI','S.A0052','-'),
  (53,6,1,'S.A. SIGLO XX','S.A0053','-'),
  (54,7,1,'SUPERVISION Y FISCALIZACION DE PROYECTOS DE INVERS','SUP0054','-'),
  (55,8,1,'ACTIVOS FIJOS','ACT0055','-'),
  (56,8,1,'APOYO A LA MINERIA','APO0056','-'),
  (57,8,1,'BALNEARIOS CATAVI','BAL0057','-'),
  (58,8,1,'BRIGADA MEDICA CUBANA','BRI0058','-'),
  (59,8,1,'CATASTRO URBANO ','CAT0059','-'),
  (60,8,1,'COMANDO REGIONAL DE POLICIA','COM0060','-'),
  (61,8,1,'CONCLUSION AVENIDA NORTE POTOSI FINAL','CON0061','-'),
  (62,8,1,'CONCLUSION CONSTRUC. PAVIMENTO RIGIDO AV. NORTE PO','CON0062','-'),
  (63,8,1,'CONCLUSION PUENTE FINAL AV. NORTE POTOSI','CON0063','-'),
  (64,8,1,'CONSTRUC. Y MEJORAMIENTO CEMENTERIO GENERAL','CON0064','-'),
  (65,8,1,'CONTABILIDAD','CON0065','-'),
  (66,8,1,'CONTINUACION MEJORAMIENTO DE BARRIOS CATAVI','CON0066','-'),
  (67,8,1,'CONTINUACION MEJORAMIENTO DE BARRIOS SIGLO XX','CON0067','-'),
  (68,8,1,'SERVICIOS GENERALES','SER0068','-'),
  (69,8,1,'CONTRUCCION EDIFICIO MUNICIPAL (INFRAESTRUCTURA Y ','CON0069','-'),
  (70,8,1,'DEFENSORIA DE LA NIÑEZ Y ADOLESCENCIA','DEF0070','-'),
  (71,8,1,'DESARROLLO ECONOMICO LOCAL','DES0071','-'),
  (72,8,1,'DESASTRES NATURALES ','DES0072','-'),
  (73,8,1,'DESAYUNO ESCOLAR','DES0073','-'),
  (74,8,1,'DIRECCION DE CULTURA Y DEPORTES','DIR0074','-'),
  (75,8,1,'DIRECCION DISTRITAL DE EDUCACION','DIR0075','-'),
  (76,8,1,'EDIFICIO MUNICIPAL ( CONSTRC + EQUIPAMIENTO)','EDI0076','-'),
  (77,8,1,'EDUCACION ALTERNATIVA YUYAY JAPINA','EDU0077','-'),
  (78,8,1,'ELABORACION  PROYECTOS  PRE INVERSION AYLLU CHULLP','ELA0078','-'),
  (79,8,1,'ENC. PROMOCION ECONOMICA PRODUCTIVA','ENC0079','-'),
  (80,8,1,'EQUIPAMIENTO SUB ALCALDIAS','EQU0080','-'),
  (81,8,1,'MANTENIMIENTO PREVENTIVO DE MUEBLES E INMUEBLES DE','MAN0081','-'),
  (82,8,1,'ESTUDIO PRE INVERSION  PROYECTOS AYLLU SIKUYA','EST0082','-'),
  (83,8,1,'FOMENTO  FERIAS DE TURISMO Y COMIDAD TIPICAS','FOM0083','-'),
  (84,8,1,'GASTOS DE MANTENIMIENTO PREVENTIVOY CAMBIO DE ACEI','GAS0084','-'),
  (85,8,1,'GASTOS LOGISTICOS Y GASTOS DE COMBUSTIBLE ','GAS0085','-'),
  (86,8,1,'HOSPITAL MADRE OBRERA','HOS0086','-'),
  (87,8,1,'MANTENIMIENTO DE PARQUES Y AREAS VERDES AREA URBAN','MAN0087','-'),
  (88,8,1,'MANTENIMIENTO DE VIAS RURALES ','MAN0088','-'),
  (89,8,1,'MANTENIMIENTO DE VIAS URBANAS (LLALLAGUA SIGLO XX ','MAN0089','-'),
  (90,8,1,'MEDIO AMBIENTE','MED0090','-'),
  (91,8,1,'FUNCIONAMIENTO PROGRAMA PAN','FUN0091','-'),
  (92,8,1,'REFACCION DE ARBITRIOS MUNICIPALES ','REF0092','-'),
  (93,8,1,'REFACCION DE PISO PARQUET COLISEO PAULINA MEDRANO','REF0093','-'),
  (94,8,1,'SALDOS UNICEF GESTION 2008','SAL0094','-'),
  (95,8,1,'SEGURIDAD CIUDADANA','SEG0095','-'),
  (96,8,1,'SERVICIO LEGAL INTEGRADO MUNICIPAL','SER0096','-'),
  (97,8,1,'TERMINAL DE BUSES','TER0097','-'),
  (98,8,1,'U. E. 1º DE MAYO INTERMEDIO','U. 0098','-'),
  (99,8,1,'U. E. MARTIN CARDENAS','U. 0099','-'),
  (100,8,1,'U.T.I.M.','U.T00100','-'),
  (101,8,1,'YO SI PUEDO','YO 00101','-'),
  (102,8,1,'FUNCIONAMIENTO ADMINISTRACION CENTRAL','FUN00102','-'),
  (103,8,1,'AUDITORIA TECNICA ','AUD00103','-'),
  (104,8,1,'DOTACION SILLAS UNIPERSONALES U.E. JUNIN Y AYACUCH','DOT00104','-'),
  (105,8,1,'DOTACION MUEBLES DE COMPUTACION 3 U.E.','DOT00105','-'),
  (106,8,1,'ADQUISICION SILLAS PARA C.E.A. STA .RITA','ADQ00106','-'),
  (107,8,1,'ADQUISICION IMPRESORAS PARA 4 U.E.','ADQ00107','-'),
  (108,8,1,'REJAS DE PROTECCION U.E. GERMAN BUSCH','REJ00108','-'),
  (109,8,1,'CONSTRUC. EMPEDRADO CALLES CAMP. SALVADORA','CON00109','-'),
  (110,8,1,'EQUIPAMIENTO COL.LLALLAGUA','EQU00110','-'),
  (111,8,1,'DESARROLLO DE LA CULTURA','DES00111','-'),
  (112,8,1,'ELECTRIFICACION COMUNIDAD CHAYACARI','ELE00112','-'),
  (113,8,1,'INFRAESTRUCTURA Y EQUIPAMIENTO NUCLEO 1RO DE MAYO ','INF00113','-'),
  (114,8,1,'RED 1º DE MAYO GRUPO 2 (INFRAESTRUCTURA-EQUIPAMIEN','RED00114','-'),
  (115,8,1,'MEJORAMIENTO PUENTES VEHICULARES','MEJ00115','-'),
  (116,8,1,'CONCLUSION PAULINA MEDRANO FASE I','CON00116','-'),
  (117,8,1,'CONSTRUC. PAVIMENTO CALLES TRASVERSALES CAMP Nº1','CON00117','-'),
  (118,8,1,'REFACCION BAÑO HIGIENICO COL JUNIN','REF00118','-'),
  (119,8,1,'EQUIPAMIENTO RUAT','EQU00119','-'),
  (120,8,1,'COL. 1RO DE MAYO \"A\"','COL00120','-'),
  (121,8,1,'APOYO AL PROGRAMA DE ALFABETIZACION','APO00121','-'),
  (122,8,1,'YO SI PUEDO SEGUIR','YO 00122','-'),
  (123,8,1,'ELECTRIFICACION AYLLU SIKUYA','ELE00123','-'),
  (124,8,1,'SALDOS UNICEF 2009','SAL00124','-'),
  (125,8,1,'REFACCION AULA DE MUSICA COL.JUNIN','REF00125','-'),
  (126,8,1,'CONSTRUC. SANITARIO Y RECOJO DE BASURA','CON00126','-'),
  (127,8,1,'PUENTE VEHICULAR CATAVI','PUE00127','-'),
  (128,8,1,'CONSTRUC. SISTEMA DE MICRORIEGO ARBOLITOS','CON00128','-'),
  (129,8,1,'CONSTRUC. SANITARIO COLISEO P.MEDRANO FASE I','CON00129','-'),
  (130,8,1,'MEJORAMIENTO ALUMBRADO PUBLICO ZONA # 9','MEJ00130','-'),
  (131,8,1,'CONSTRUC. MURO DE CONTENCION CAMPAMENTO # 5 ','CON00131','-'),
  (132,8,1,'CONSTRUC. ENMALLADO CANCHA RAQUETA SIGLO XX','CON00132','-'),
  (133,8,1,'DESARROLLO INFANTIL KALLPA WAWA','DES00133','-'),
  (134,8,1,'DIRECCION DE  EDUCACION','DIR00134','-'),
  (135,8,1,'CONSTRUC. 4 AULAS Y EQUIPAM.KINDER SIGLO XX','CON00135','-'),
  (136,8,1,'CONSTRUC. CANCHA POLIFUNCIONAL CAMP. MONTES','CON00136','-'),
  (137,8,1,'MEJORAMIENTO ALUMBRADO PUBLICO ZONA # 6','MEJ00137','-'),
  (138,8,1,'DATA DISPLAY EQUIP U.T.I.M','DAT00138','-'),
  (139,8,1,'MEJORAMIENTO ALCANTARILLADO CATAVI','MEJ00139','-'),
  (140,8,1,'PARQUE INFANTIL KINDER SIGLO XX','PAR00140','-'),
  (141,8,1,'REFACCION  MANTENIMIENTO DUCHAS Y BAÑOS UNID. EDUC','REF00141','-'),
  (142,8,1,'MIS LLAMAS FASE III','MIS00142','-'),
  (143,8,1,'FUNCIONAMIENTO ESTABLECIMIENTOS EDUCATIVOS','FUN00143','-'),
  (144,8,1,'APOYO A LA DELIMITACION  DE LINDEROS','APO00144','-'),
  (145,8,1,'MOVILIARIO ESCOLAR AYLLU SIKUYA','MOV00145','-'),
  (146,8,1,'PISCINA 1RO DE MAYO','PIS00146','-'),
  (147,8,1,'HOSPEDAJE EN FAMILIA','HOS00147','-'),
  (148,8,1,'REPARACION PUENTE PEATONAL CATAVI ','REP00148','-'),
  (149,8,1,'MATERIALES DIDACTICOS COL. AYACUCHO','MAT00149','-'),
  (150,8,1,'ADQUISICION COMPUTADORA (CONVENIO UNICEF)','ADQ00150','-'),
  (151,8,1,'GASTOS DE FUNCIONAMIENTO POLICIA PROVINCIAL','GAS00151','-'),
  (152,8,1,'MATERIAL DIDACTICO COL.NACIONAL JUNIN CATAVI','MAT00152','-'),
  (153,8,1,'MOVILIARIO Y HERRAMIENTAS ESC.GERMAN BUSCH','MOV00153','-'),
  (154,8,1,'MEJORAMIENTO CALLES ZONA CENTRAL CATAVI','MEJ00154','-'),
  (155,8,1,'REFACCION CUBIERTA BAÑOS CATAVI','REF00155','-'),
  (156,8,1,'EQUIPAMIENTO ALCALDIA MUNICIPAL','EQU00156','-'),
  (157,8,1,'PERFILADO Y RELLENADO SECTOR LAVADERO ZONA # 10','PER00157','-'),
  (158,8,1,'MEJORAMIENTO DE CALLES ZONA # 9','MEJ00158','-'),
  (159,8,1,'EDUCACION AMBIENTAL','EDU00159','-'),
  (160,8,1,'MANTENIMIENTO Y REFACCION INFRAESTRUCTURA DEPORTIV','MAN00160','-'),
  (161,8,1,'DESAYUNO ESCOLAR AREA DISPERSA','DES00161','-'),
  (162,8,1,'TECNICOS DISPONEN DE LOGISTICA PARA REALIZAR SU TR','TEC00162','-'),
  (163,8,1,'REFACCION Y MANTENIMIENTO BALNEARIOS CATAVI','REF00163','-'),
  (164,8,1,'CONSTRUC. AULA U.E. MACHALLA GRANDE','CON00164','-'),
  (165,8,1,'REFACCION DE ALCANTARILLADO C.E.A SANTA RITA','REF00165','-'),
  (166,8,1,'CONSTRUC. CORDONES SECTOR CANCHA RAQUETA  CAMP. 5','CON00166','-'),
  (167,8,1,'ADQUISICION MOBILIARIO COLEGIO AYACUCHO DE PROME','ADQ00167','-'),
  (168,8,1,'FORMACION DE LIDERES ADULTOS Y JOVENES','FOR00168','-'),
  (169,8,1,'REFACCION SEDE COMUNAL ZONA BARRIO LINDO CATAVI','REF00169','-'),
  (170,8,1,'REFACCION CLUB TENIS CABAÑA','REF00170','-'),
  (171,8,1,'REFACCION BAÑO HIGIENICO U.E. GERMAN BUCHS PROME','REF00171','-'),
  (172,8,1,'PROME','PRO00172','-'),
  (173,8,1,'EQUIPAMIENTO Y MANTENIMIENTO DE EQUIPOS DE LA POLI','EQU00173','-'),
  (174,8,1,'REFACCION Y REMODELACION PLAZA DEL MINERO SIGLO XX','REF00174','-'),
  (175,8,1,'EQUIPAMIENTO CENTRO DE SALUD SIGLO XX','EQU00175','-'),
  (176,8,1,'EQUIPAMIENTO SUBALCALDIA AYLLU SIKUYA','EQU00176','-'),
  (177,8,1,'CONTRAPARTE PROYECTO CONVENIO BID \"MINISTERIO DE S','CON00177','-'),
  (178,8,1,'CAPACITACION EN GESTION MUNICIPAL','CAP00178','-'),
  (179,8,1,'CONSTRUC. CANCHA POLIFUNCIONAL COMUNIDAD LLALLAGUI','CON00179','-'),
  (180,8,1,'TRANSPARENCIA','TRA00180','-'),
  (181,8,1,'SISTEMAS E INFORMATICA','SIS00181','-'),
  (182,8,1,'CONSTRUCCION BALNEARIOS CATAVI','CON00182','-'),
  (183,8,1,'RELLENADO Y EMBOVEDADO ZONA 10','REL00183','-'),
  (184,8,1,'APOYO AL FUNCIONAMIENTO DE SALUD','APO00184','-'),
  (185,8,1,'EQUIPAMIENTO Y MANTENIMIENTO DE EQUIPOS POLICIALES','EQU00185','-'),
  (186,8,1,'TRABAJOS PRELIMINARES BOTADERO MUNICIPAL','TRA00186','-'),
  (187,8,1,'AFILIACIONES','AFI00187','-'),
  (188,8,1,'EQUIPAMIENTO CONCEJO MUNICIPAL','EQU00188','-'),
  (189,8,1,'TEC. Y KALLP.REALIZAN APOYO TECNICO. SEGUIMIENTO Y','TEC00189','-'),
  (190,8,1,'FUNCIONAMIENTO DIRECCION DISTRITAL DE EDUCACION','FUN00190','-'),
  (191,8,1,'CONSTRUC.GRADERIA Y ENMALLADO CANCHA CAMPAMENTO 2-','CON00191','-'),
  (192,8,1,'EQUIPAMIENTO DE MATERIAL DEPORTIVO Y RECREATIVO UN','EQU00192','-'),
  (193,8,1,'CONVENIO SENASAG','CON00193','-'),
  (194,8,1,'REFACCION Y REMODELACION PLAZA 6 DE AGOSTO','REF00194','-'),
  (195,8,1,'MANTENIMIENTO DE MOTORIZADOS GAM','MAN00195','-'),
  (196,8,1,'ENERGIA ELECTRICA','ENE00196','-'),
  (197,8,1,'PAN','PAN00197','-'),
  (198,9,1,'ENMALLADO CANCHA RAQUETA SIGLO XX','ENM00198','-'),
  (199,9,1,'CONSTRUC.SISTEMA DE MICRORIEGO UMIRI','CON00199','-'),
  (200,9,1,'IMPLEMENTACION Y MEJORAMIENTO DE FRUTALES','IMP00200','-'),
  (201,9,1,'CONSTRUC. CANCHA DE FUTBOL URBANIZACION AYLLU SIKU','CON00201','-'),
  (202,9,1,'CONSTRUC. PISO CARPETA CAMP MONTES','CON00202','-');
COMMIT;



/*!40101 SET CHARACTER_SET_CLIENT=@OLD_CHARACTER_SET_CLIENT */;
/*!40101 SET CHARACTER_SET_RESULTS=@OLD_CHARACTER_SET_RESULTS */;
/*!40101 SET COLLATION_CONNECTION=@OLD_COLLATION_CONNECTION */;